,midprice,id,buy/sell,answeredprice,deal
0,97.999,4,1,98.016,0.0
1,97.9988,4,-1,98.001,1.0
2,97.9951,1,-1,97.979,0.0
3,97.9971,1,1,97.99,1.0
4,97.9961,1,-1,97.978,0.0
5,97.9935,2,-1,98.005,1.0
6,97.991,1,1,97.981,1.0
7,97.9917,1,-1,97.987,0.0
8,97.9898,4,1,97.984,1.0
9,97.9868,4,1,97.969,1.0
10,97.9893,2,-1,97.972,0.0
11,97.9889,3,-1,98.005,1.0
12,97.9903,2,-1,97.984,1.0
13,97.9918,2,-1,98.0,1.0
14,97.991,3,-1,97.984,0.0
15,97.9878,3,1,97.978,1.0
16,97.9902,3,1,98.003,0.0
17,97.9899,1,-1,97.996,1.0
18,97.9873,4,-1,97.993,1.0
19,97.9885,3,1,97.977,1.0
20,97.9888,1,-1,97.985,0.0
21,97.9855,1,-1,97.993,1.0
22,97.9888,1,1,97.987,1.0
23,97.99,2,1,97.994,1.0
24,97.993,2,-1,98.009,1.0
25,97.9925,1,-1,97.999,1.0
26,97.9937,4,1,97.998,0.0
27,97.9907,2,-1,98.003,1.0
28,97.9907,4,1,97.985,1.0
29,97.987,4,-1,97.974,0.0
30,97.9889,1,1,97.979,1.0
31,97.987,1,-1,97.981,0.0
32,97.9836,4,-1,97.977,0.0
33,97.9828,3,-1,97.986,1.0
34,97.9818,4,-1,97.967,0.0
35,97.9825,4,1,97.999,0.0
36,97.9818,1,1,97.989,0.0
37,97.9792,3,1,97.986,0.0
38,97.9775,3,1,97.97,1.0
39,97.9801,3,-1,97.978,0.0
40,97.9801,4,-1,97.965,0.0
41,97.9805,4,1,97.964,1.0
42,97.9785,3,1,97.996,0.0
43,97.9784,4,-1,97.98,0.0
44,97.9782,4,1,97.978,1.0
45,97.9795,4,1,97.988,0.0
46,97.982,2,1,97.971,1.0
47,97.9832,3,-1,97.968,0.0
48,97.9856,2,1,97.971,1.0
49,97.9864,1,-1,97.998,1.0
50,97.9867,1,1,97.974,1.0
51,97.9848,4,-1,97.971,0.0
52,97.9833,4,1,97.971,1.0
53,97.981,2,-1,97.966,1.0
54,97.9817,3,1,97.971,1.0
55,97.9825,4,-1,97.989,1.0
56,97.9829,1,-1,97.969,0.0
57,97.9833,3,1,97.995,0.0
58,97.9816,4,-1,97.977,0.0
59,97.9781,4,1,97.99,0.0
60,97.9772,2,1,97.966,1.0
61,97.9799,4,-1,97.996,1.0
62,97.9779,4,-1,97.984,1.0
63,97.9811,3,1,97.978,0.0
64,97.9799,4,1,97.966,1.0
65,97.9796,2,-1,97.99,1.0
66,97.9845,2,1,97.97,1.0
67,97.9819,4,1,97.967,1.0
68,97.979,2,-1,97.961,0.0
69,97.9755,2,-1,97.982,1.0
70,97.9723,4,-1,97.978,1.0
71,97.971,4,1,97.978,0.0
72,97.9685,2,1,97.972,0.0
73,97.9666,1,-1,97.976,1.0
74,97.9649,3,-1,97.968,1.0
75,97.9668,2,1,97.974,1.0
76,97.9677,1,1,97.961,1.0
77,97.9703,1,1,97.966,1.0
78,97.9685,3,1,97.98,0.0
79,97.9672,2,-1,97.959,0.0
80,97.9663,4,1,97.96,1.0
81,97.9634,1,-1,97.975,1.0
82,97.9663,4,-1,97.982,1.0
83,97.9662,2,1,97.959,1.0
84,97.963,4,-1,97.954,1.0
85,97.9653,2,-1,97.962,0.0
86,97.9661,3,1,97.97,1.0
87,97.9646,2,1,97.959,1.0
88,97.9653,3,-1,97.971,1.0
89,97.9647,4,-1,97.974,1.0
90,97.9629,3,-1,97.97,1.0
91,97.9567,1,-1,97.959,1.0
92,97.9564,4,-1,97.95,0.0
93,97.9621,1,-1,97.972,1.0
94,97.9633,4,-1,97.968,1.0
95,97.9609,4,-1,97.946,0.0
96,97.9629,2,-1,97.96,1.0
97,97.9643,2,-1,97.953,0.0
98,97.9653,2,-1,97.965,1.0
99,97.9672,3,1,97.982,0.0
100,97.9676,3,-1,97.971,1.0
101,97.9661,4,1,97.971,1.0
102,97.9662,4,-1,97.96,0.0
103,97.9661,2,-1,97.979,1.0
104,97.9698,4,1,97.982,0.0
105,97.9711,4,1,97.975,0.0
106,97.9736,3,-1,97.975,0.0
107,97.9733,1,-1,97.974,1.0
108,97.9723,3,-1,97.967,0.0
109,97.9738,3,-1,97.96,0.0
110,97.9731,3,1,97.969,1.0
111,97.9731,1,1,97.975,0.0
112,97.978,2,-1,97.974,1.0
113,97.9777,4,1,97.989,0.0
114,97.9757,2,-1,97.969,0.0
115,97.9765,1,1,97.965,1.0
116,97.9748,1,-1,97.971,0.0
117,97.975,4,1,97.963,1.0
118,97.9749,2,1,97.976,1.0
119,97.9764,1,-1,97.981,1.0
120,97.9746,2,1,97.987,0.0
121,97.9763,3,-1,97.977,1.0
122,97.9708,3,-1,97.984,1.0
123,97.9715,1,1,97.987,0.0
124,97.9676,4,-1,97.975,1.0
125,97.963,4,1,97.969,0.0
126,97.9602,4,-1,97.944,0.0
127,97.9555,3,1,97.952,1.0
128,97.9556,2,-1,97.938,0.0
129,97.9545,4,1,97.971,0.0
130,97.9555,1,1,97.944,1.0
131,97.9572,2,1,97.945,1.0
132,97.9589,4,1,97.962,0.0
133,97.9607,2,1,97.969,0.0
134,97.9612,4,1,97.97,0.0
135,97.9639,2,1,97.97,1.0
136,97.969,3,1,97.982,0.0
137,97.9708,1,-1,97.96,0.0
138,97.9703,2,1,97.977,1.0
139,97.9702,2,-1,97.978,1.0
140,97.9742,4,1,97.979,1.0
141,97.975,2,-1,97.986,1.0
142,97.9751,4,-1,97.967,0.0
143,97.9782,1,1,97.993,0.0
144,97.9775,1,-1,97.976,1.0
145,97.976,3,1,97.983,0.0
146,97.9756,1,-1,97.976,1.0
147,97.9761,4,1,97.973,0.0
148,97.9764,3,-1,97.978,0.0
149,97.9736,1,-1,97.988,1.0
150,97.9717,4,-1,97.954,0.0
151,97.9687,3,1,97.954,1.0
152,97.9697,4,1,97.964,1.0
153,97.9719,3,1,97.962,1.0
154,97.9692,1,1,97.963,1.0
155,97.97,2,-1,97.965,0.0
156,97.9705,1,1,97.953,1.0
157,97.9688,3,1,97.969,0.0
158,97.9698,3,-1,97.954,0.0
159,97.964,1,-1,97.956,0.0
160,97.9675,3,1,97.966,1.0
161,97.9701,2,-1,97.961,0.0
162,97.969,3,1,97.961,1.0
163,97.9706,2,-1,97.969,1.0
164,97.9672,2,-1,97.977,1.0
165,97.9639,4,-1,97.97,1.0
166,97.9602,2,-1,97.961,1.0
167,97.9583,4,-1,97.948,0.0
168,97.9605,1,1,97.948,1.0
169,97.9643,2,-1,97.979,1.0
170,97.9663,2,1,97.975,0.0
171,97.9671,1,1,97.953,1.0
172,97.9672,1,1,97.974,0.0
173,97.9661,4,-1,97.978,1.0
174,97.9702,4,1,97.972,1.0
175,97.9733,1,1,97.971,1.0
176,97.973,3,1,97.975,1.0
177,97.9731,4,1,97.99,0.0
178,97.9736,3,1,97.965,1.0
179,97.9712,3,1,97.966,1.0
180,97.9723,3,1,97.977,0.0
181,97.9741,1,-1,97.963,0.0
182,97.972,4,1,97.965,1.0
183,97.9721,2,1,97.96,1.0
184,97.9722,4,-1,97.982,1.0
185,97.9696,1,-1,97.951,0.0
186,97.9713,1,-1,97.962,0.0
187,97.971,4,-1,97.963,0.0
188,97.9714,2,-1,97.98,1.0
189,97.9753,1,-1,97.976,1.0
190,97.9773,1,-1,97.969,0.0
191,97.9808,1,1,97.964,1.0
192,97.9812,2,-1,97.971,0.0
193,97.9822,4,-1,97.977,1.0
194,97.9827,1,-1,97.973,0.0
195,97.9839,3,1,97.976,1.0
196,97.9881,2,-1,97.991,1.0
197,97.9931,3,1,97.991,1.0
198,97.9921,3,1,97.992,1.0
199,97.9913,1,1,97.976,1.0
200,97.9928,2,-1,97.996,0.0
201,97.9927,4,-1,97.994,1.0
202,97.9898,2,-1,97.994,0.0
203,97.9883,3,1,97.98,1.0
204,97.9881,1,-1,97.979,0.0
205,97.9848,4,-1,97.997,1.0
206,97.9812,4,1,97.992,0.0
207,97.9774,2,-1,97.969,0.0
208,97.9808,3,1,97.971,1.0
209,97.9804,2,-1,97.971,0.0
210,97.9834,1,-1,97.969,0.0
211,97.9817,2,1,97.965,1.0
212,97.9863,3,1,97.976,1.0
213,97.9869,2,1,98.005,0.0
214,97.9858,2,1,97.999,0.0
215,97.9859,4,-1,97.978,0.0
216,97.9886,3,-1,97.97,0.0
217,97.9863,2,1,97.994,1.0
218,97.9871,1,-1,97.973,0.0
219,97.9846,4,-1,97.983,1.0
220,97.9847,2,1,97.975,1.0
221,97.9842,4,-1,97.994,1.0
222,97.9804,4,1,97.976,1.0
223,97.98,1,1,97.967,1.0
224,97.9781,3,1,97.973,1.0
225,97.9799,1,1,97.995,0.0
226,97.981,4,1,97.993,1.0
227,97.9828,1,1,97.97,1.0
228,97.9818,1,-1,97.967,0.0
229,97.9757,4,1,97.972,1.0
230,97.9749,2,1,97.972,1.0
231,97.9783,4,-1,97.974,1.0
232,97.9779,2,-1,97.967,0.0
233,97.976,4,-1,97.968,1.0
234,97.9766,2,1,97.963,1.0
235,97.9773,3,-1,97.984,1.0
236,97.9775,1,1,97.967,1.0
237,97.9737,1,1,97.978,0.0
238,97.9733,4,1,97.969,1.0
239,97.9734,1,1,97.959,1.0
240,97.9742,4,1,97.957,1.0
241,97.9757,3,-1,97.982,1.0
242,97.9757,1,-1,97.978,1.0
243,97.9741,3,1,97.982,0.0
244,97.9692,3,1,97.974,0.0
245,97.9695,3,1,97.956,1.0
246,97.9678,3,1,97.956,1.0
247,97.9647,4,-1,97.972,1.0
248,97.9618,3,1,97.965,0.0
249,97.963,4,1,97.981,0.0
250,97.9625,4,-1,97.952,0.0
251,97.962,3,-1,97.957,0.0
252,97.9628,3,-1,97.964,0.0
253,97.9657,2,1,97.957,1.0
254,97.964,4,1,97.973,0.0
255,97.9638,2,1,97.967,0.0
256,97.9644,2,-1,97.964,1.0
257,97.9653,1,1,97.978,0.0
258,97.9664,4,1,97.949,1.0
259,97.9711,3,1,97.958,1.0
260,97.9706,4,1,97.969,0.0
261,97.97,2,1,97.964,1.0
262,97.9694,3,-1,97.981,1.0
263,97.9643,1,1,97.974,0.0
264,97.966,2,1,97.966,1.0
265,97.9673,1,1,97.97,0.0
266,97.9684,4,1,97.983,0.0
267,97.9663,4,-1,97.971,1.0
268,97.9648,3,1,97.955,1.0
269,97.9657,2,1,97.95,1.0
270,97.9645,2,-1,97.972,1.0
271,97.9669,4,1,97.965,0.0
272,97.9689,3,1,97.955,1.0
273,97.9676,4,1,97.954,1.0
274,97.9649,1,-1,97.956,0.0
275,97.9667,1,-1,97.954,0.0
276,97.9658,1,-1,97.954,0.0
277,97.9687,3,1,97.971,0.0
278,97.969,3,1,97.957,1.0
279,97.9691,3,-1,97.956,0.0
280,97.9649,3,-1,97.95,0.0
281,97.9648,1,-1,97.966,1.0
282,97.9629,1,1,97.956,1.0
283,97.9651,3,1,97.948,1.0
284,97.9632,1,1,97.95,1.0
285,97.9573,3,-1,97.943,0.0
286,97.9589,3,1,97.951,1.0
287,97.9601,2,-1,97.965,1.0
288,97.9622,3,1,97.947,1.0
289,97.962,2,-1,97.954,1.0
290,97.9678,4,-1,97.957,0.0
291,97.9722,1,1,97.961,1.0
292,97.9736,1,-1,97.984,1.0
293,97.9722,3,1,97.981,0.0
294,97.9727,3,1,97.99,0.0
295,97.9748,3,-1,97.965,0.0
296,97.9751,3,1,97.984,0.0
297,97.9721,3,-1,97.982,1.0
298,97.973,3,1,97.989,0.0
299,97.9708,1,-1,97.978,1.0
300,97.9709,1,-1,97.979,1.0
301,97.9733,1,-1,97.969,1.0
302,97.9764,1,-1,97.969,0.0
303,97.9761,1,1,97.966,1.0
304,97.9765,3,-1,97.988,1.0
305,97.9795,2,-1,97.984,1.0
306,97.9803,4,1,97.992,0.0
307,97.9822,1,1,97.98,1.0
308,97.9864,2,-1,97.968,0.0
309,97.9852,4,-1,97.994,1.0
310,97.9808,4,1,97.997,0.0
311,97.9814,2,-1,97.964,0.0
312,97.9819,3,-1,97.968,0.0
313,97.984,3,-1,97.965,0.0
314,97.9824,3,-1,97.983,1.0
315,97.9857,3,-1,97.998,1.0
316,97.9842,1,1,97.97,1.0
317,97.9813,2,1,97.991,0.0
318,97.9819,1,1,97.982,0.0
319,97.9846,4,1,97.997,1.0
320,97.9858,3,1,97.987,1.0
321,97.9855,2,-1,97.997,1.0
322,97.9889,2,-1,98.002,1.0
323,97.9912,4,-1,97.981,0.0
324,97.9936,4,-1,97.989,1.0
325,97.9928,1,1,97.986,1.0
326,97.9933,1,1,98.0,0.0
327,97.9901,2,1,97.986,1.0
328,97.9909,2,-1,97.973,0.0
329,97.9894,1,-1,97.982,0.0
330,97.9904,1,1,98.008,0.0
331,97.9863,2,1,97.994,1.0
332,97.984,3,1,97.999,0.0
333,97.9872,3,1,97.98,1.0
334,97.9834,1,1,97.969,1.0
335,97.9836,1,-1,97.987,1.0
336,97.9822,3,-1,97.996,1.0
337,97.9843,3,1,97.984,0.0
338,97.9841,1,1,97.984,1.0
339,97.9828,4,1,97.979,1.0
340,97.9822,2,-1,97.968,0.0
341,97.9864,1,-1,98.002,1.0
342,97.9863,1,1,97.979,1.0
343,97.9815,1,1,97.982,0.0
344,97.981,3,1,97.985,0.0
345,97.9836,1,1,97.987,0.0
346,97.9859,3,1,97.989,0.0
347,97.9856,2,-1,98.001,1.0
348,97.9859,3,1,97.984,1.0
349,97.9835,1,1,97.996,0.0
350,97.977,3,-1,97.982,1.0
351,97.9801,2,-1,97.966,1.0
352,97.9776,1,1,97.986,0.0
353,97.9733,4,-1,97.962,1.0
354,97.9693,4,1,97.965,1.0
355,97.9719,1,1,97.97,1.0
356,97.9734,1,-1,97.96,0.0
357,97.9731,4,1,97.957,1.0
358,97.976,2,-1,97.978,1.0
359,97.9791,1,1,97.994,0.0
360,97.9763,2,1,97.974,1.0
361,97.9749,4,-1,97.981,1.0
362,97.972,2,-1,97.965,0.0
363,97.9724,2,-1,97.972,0.0
364,97.9761,1,-1,97.965,0.0
365,97.9747,1,1,97.963,1.0
366,97.9742,3,-1,97.96,0.0
367,97.9723,2,1,97.961,1.0
368,97.9718,4,1,97.975,1.0
369,97.9725,1,-1,97.986,1.0
370,97.9725,4,1,97.964,1.0
371,97.9715,2,1,97.971,1.0
372,97.9721,1,-1,97.966,1.0
373,97.97,1,-1,97.96,0.0
374,97.9663,3,-1,97.979,1.0
375,97.9664,4,-1,97.966,1.0
376,97.9646,3,1,97.962,1.0
377,97.9674,2,1,97.977,0.0
378,97.9687,4,1,97.978,0.0
379,97.9715,2,1,97.962,1.0
380,97.9697,3,-1,97.969,0.0
381,97.9667,3,-1,97.964,0.0
382,97.9648,4,-1,97.954,0.0
383,97.9641,4,1,97.967,0.0
384,97.9611,1,-1,97.956,0.0
385,97.9578,2,1,97.969,0.0
386,97.9548,1,-1,97.94,0.0
387,97.9586,1,1,97.967,0.0
388,97.9573,4,-1,97.942,1.0
389,97.9578,4,1,97.972,0.0
390,97.9552,4,-1,97.943,0.0
391,97.9553,1,-1,97.949,0.0
392,97.9556,2,1,97.961,1.0
393,97.9568,2,-1,97.969,1.0
394,97.9598,2,1,97.971,0.0
395,97.9589,1,-1,97.959,0.0
396,97.9606,2,1,97.95,1.0
397,97.9629,4,-1,97.965,1.0
398,97.963,2,1,97.962,1.0
399,97.9637,3,-1,97.971,1.0
400,97.9667,4,-1,97.971,1.0
401,97.9671,1,-1,97.967,0.0
402,97.9711,4,-1,97.964,0.0
403,97.9716,4,-1,97.985,1.0
404,97.9722,2,1,97.983,0.0
405,97.9747,3,-1,97.965,0.0
406,97.9759,2,1,97.961,1.0
407,97.9769,3,1,97.97,1.0
408,97.9762,3,-1,97.958,0.0
409,97.9774,1,-1,97.978,1.0
410,97.9759,1,-1,97.991,1.0
411,97.974,4,-1,97.982,1.0
412,97.9726,1,1,97.963,1.0
413,97.9736,2,1,97.973,1.0
414,97.9761,2,-1,97.973,1.0
415,97.9759,4,1,97.976,0.0
416,97.9786,4,1,97.988,0.0
417,97.9749,4,1,97.967,1.0
418,97.9773,1,-1,97.961,0.0
419,97.9789,3,-1,97.965,0.0
420,97.9787,3,1,97.996,0.0
421,97.9841,2,1,97.968,1.0
422,97.9835,3,-1,97.991,1.0
423,97.9799,3,-1,97.968,0.0
424,97.9776,3,1,97.993,0.0
425,97.9755,3,-1,97.986,1.0
426,97.9743,3,-1,97.981,1.0
427,97.9711,1,1,97.956,1.0
428,97.9682,1,-1,97.982,1.0
429,97.9642,4,1,97.959,1.0
430,97.9699,1,1,97.967,1.0
431,97.9699,4,1,97.982,0.0
432,97.9706,4,-1,97.956,0.0
433,97.9694,2,1,97.952,1.0
434,97.9696,4,1,97.957,1.0
435,97.9708,2,1,97.956,1.0
436,97.9679,2,1,97.961,1.0
437,97.9673,1,1,97.967,0.0
438,97.9635,4,-1,97.972,1.0
439,97.9652,1,-1,97.98,1.0
440,97.9627,1,1,97.974,0.0
441,97.9594,4,-1,97.975,1.0
442,97.9577,3,1,97.974,0.0
443,97.9563,4,-1,97.954,1.0
444,97.9518,3,-1,97.966,1.0
445,97.9531,3,1,97.956,0.0
446,97.9504,3,-1,97.943,0.0
447,97.9502,1,-1,97.933,0.0
448,97.9542,4,1,97.969,0.0
449,97.9534,1,1,97.948,1.0
450,97.9547,4,-1,97.952,0.0
451,97.9539,1,1,97.967,0.0
452,97.9537,2,1,97.964,0.0
453,97.953,3,-1,97.961,1.0
454,97.957,1,-1,97.957,1.0
455,97.9534,3,-1,97.96,1.0
456,97.9514,4,1,97.967,0.0
457,97.9509,2,-1,97.966,1.0
458,97.9528,1,1,97.953,0.0
459,97.9562,1,1,97.971,0.0
460,97.9544,4,-1,97.963,1.0
461,97.9505,3,1,97.946,1.0
462,97.9482,1,-1,97.931,0.0
463,97.949,4,-1,97.942,1.0
464,97.9477,2,-1,97.955,1.0
465,97.9521,4,-1,97.958,1.0
466,97.949,3,1,97.955,0.0
467,97.9494,2,1,97.962,1.0
468,97.9424,4,1,97.957,0.0
469,97.9431,2,-1,97.945,0.0
470,97.9396,4,-1,97.955,1.0
471,97.9371,2,-1,97.942,1.0
472,97.9402,4,1,97.926,1.0
473,97.9399,4,1,97.936,1.0
474,97.9413,4,1,97.928,1.0
475,97.9417,4,1,97.959,0.0
476,97.9421,2,1,97.937,1.0
477,97.942,4,1,97.94,1.0
478,97.9415,1,-1,97.938,0.0
479,97.9401,4,-1,97.931,0.0
480,97.9433,3,-1,97.939,0.0
481,97.9471,2,-1,97.945,0.0
482,97.9435,4,1,97.947,0.0
483,97.9449,4,-1,97.94,1.0
484,97.9454,4,1,97.929,1.0
485,97.9443,1,1,97.946,0.0
486,97.945,4,-1,97.936,0.0
487,97.9437,4,-1,97.941,1.0
488,97.9453,1,1,97.948,1.0
489,97.9463,3,1,97.938,1.0
490,97.9459,1,1,97.947,0.0
491,97.9441,3,1,97.937,1.0
492,97.9429,3,1,97.944,1.0
493,97.9442,1,1,97.954,0.0
494,97.9445,4,-1,97.937,0.0
495,97.9464,2,-1,97.946,1.0
496,97.9422,2,1,97.947,0.0
497,97.9424,4,1,97.95,1.0
498,97.9407,2,1,97.924,1.0
499,97.9401,2,1,97.954,0.0
500,97.9395,2,-1,97.923,0.0
501,97.9426,2,-1,97.953,1.0
502,97.9407,4,-1,97.93,0.0
503,97.9405,2,-1,97.939,0.0
504,97.9396,3,1,97.956,0.0
505,97.9402,3,1,97.955,0.0
506,97.9383,2,-1,97.944,1.0
507,97.9358,4,1,97.949,0.0
508,97.9335,4,-1,97.935,1.0
509,97.9332,3,-1,97.936,1.0
510,97.9349,4,-1,97.928,0.0
511,97.9333,4,-1,97.919,0.0
512,97.9314,4,1,97.915,1.0
513,97.9334,3,1,97.921,1.0
514,97.9343,1,-1,97.93,0.0
515,97.9351,1,1,97.953,0.0
516,97.9367,2,1,97.932,0.0
517,97.9367,1,-1,97.943,1.0
518,97.9384,2,1,97.924,1.0
519,97.9383,4,1,97.944,1.0
520,97.9423,1,1,97.95,0.0
521,97.9385,2,-1,97.952,1.0
522,97.9376,4,-1,97.924,0.0
523,97.9339,1,1,97.924,1.0
524,97.9337,2,1,97.934,1.0
525,97.9327,2,-1,97.947,1.0
526,97.935,3,-1,97.918,0.0
527,97.9376,3,1,97.937,1.0
528,97.9344,1,-1,97.928,0.0
529,97.9336,3,1,97.925,1.0
530,97.9327,3,1,97.943,0.0
531,97.9283,1,1,97.934,0.0
532,97.9284,4,-1,97.911,0.0
533,97.9257,3,-1,97.941,1.0
534,97.9275,2,-1,97.933,1.0
535,97.9273,1,1,97.93,0.0
536,97.9268,4,-1,97.942,1.0
537,97.9276,2,1,97.935,0.0
538,97.9258,3,-1,97.932,1.0
539,97.9279,4,-1,97.928,0.0
540,97.9272,1,-1,97.943,1.0
541,97.926,1,-1,97.93,1.0
542,97.9274,2,-1,97.942,1.0
543,97.9274,4,-1,97.912,0.0
544,97.9256,3,1,97.92,1.0
545,97.9287,1,1,97.945,0.0
546,97.9312,4,1,97.915,1.0
547,97.9272,2,1,97.931,1.0
548,97.929,3,-1,97.93,1.0
549,97.9262,1,-1,97.919,0.0
550,97.9257,4,1,97.928,0.0
551,97.9276,1,-1,97.915,0.0
552,97.9283,4,-1,97.933,1.0
553,97.9306,1,1,97.925,1.0
554,97.9267,2,-1,97.912,0.0
555,97.9246,2,1,97.92,1.0
556,97.9262,3,1,97.939,0.0
557,97.9234,2,-1,97.912,0.0
558,97.9223,3,-1,97.923,1.0
559,97.9256,2,-1,97.915,0.0
560,97.924,3,-1,97.913,0.0
561,97.9246,1,1,97.909,1.0
562,97.9273,2,1,97.925,0.0
563,97.9217,1,-1,97.918,0.0
564,97.918,3,-1,97.922,1.0
565,97.9181,1,1,97.926,0.0
566,97.9198,4,1,97.903,1.0
567,97.919,2,-1,97.902,0.0
568,97.9189,1,1,97.923,0.0
569,97.9174,1,1,97.934,0.0
570,97.9205,2,1,97.921,1.0
571,97.921,4,1,97.913,1.0
572,97.9227,2,1,97.916,1.0
573,97.9219,2,-1,97.933,1.0
574,97.9229,4,1,97.927,0.0
575,97.9265,1,1,97.925,0.0
576,97.9224,4,-1,97.933,1.0
577,97.9213,3,1,97.926,1.0
578,97.9221,4,-1,97.914,1.0
579,97.9219,4,-1,97.908,0.0
580,97.9232,3,-1,97.93,1.0
581,97.9235,4,1,97.915,1.0
582,97.9264,1,-1,97.914,0.0
583,97.9263,2,-1,97.916,0.0
584,97.9259,3,-1,97.914,0.0
585,97.9253,3,-1,97.938,1.0
586,97.9232,2,1,97.93,0.0
587,97.9226,4,1,97.938,0.0
588,97.927,2,-1,97.941,1.0
589,97.9271,2,1,97.91,1.0
590,97.9271,4,-1,97.943,1.0
591,97.9225,1,1,97.91,1.0
592,97.9227,2,1,97.933,0.0
593,97.923,3,1,97.925,1.0
594,97.9221,3,-1,97.919,1.0
595,97.9201,4,1,97.918,1.0
596,97.921,3,-1,97.911,0.0
597,97.9197,4,1,97.931,0.0
598,97.9201,1,-1,97.919,1.0
599,97.9165,3,1,97.922,0.0
600,97.9139,2,1,97.908,1.0
601,97.9148,2,1,97.932,0.0
602,97.9153,4,-1,97.902,0.0
603,97.9166,4,1,97.932,0.0
604,97.918,3,1,97.926,0.0
605,97.9189,3,-1,97.931,1.0
606,97.9189,2,-1,97.903,0.0
607,97.917,3,1,97.912,1.0
608,97.9203,4,-1,97.917,1.0
609,97.9198,3,-1,97.922,1.0
610,97.9225,1,1,97.915,1.0
611,97.9257,3,-1,97.912,0.0
612,97.928,4,-1,97.917,0.0
613,97.9265,4,-1,97.918,0.0
614,97.928,2,-1,97.926,1.0
615,97.9306,1,1,97.945,0.0
616,97.931,1,-1,97.916,0.0
617,97.9304,1,-1,97.929,1.0
618,97.9332,1,-1,97.917,0.0
619,97.9296,4,1,97.915,1.0
620,97.9317,1,1,97.92,1.0
621,97.9323,4,-1,97.931,1.0
622,97.9303,3,-1,97.919,0.0
623,97.9307,2,-1,97.938,1.0
624,97.9328,2,1,97.95,0.0
625,97.933,2,-1,97.929,1.0
626,97.9343,3,-1,97.924,0.0
627,97.937,4,1,97.928,1.0
628,97.9371,1,1,97.934,1.0
629,97.9391,1,1,97.94,1.0
630,97.9378,2,1,97.931,1.0
631,97.9394,2,1,97.936,0.0
632,97.9406,1,-1,97.934,0.0
633,97.9401,4,-1,97.931,0.0
634,97.9391,3,-1,97.931,0.0
635,97.9388,2,-1,97.952,1.0
636,97.9402,2,1,97.936,1.0
637,97.9395,2,-1,97.945,1.0
638,97.9389,4,1,97.922,1.0
639,97.9366,2,-1,97.925,0.0
640,97.9419,1,1,97.951,0.0
641,97.9446,1,1,97.928,1.0
642,97.9422,1,1,97.957,0.0
643,97.9439,2,-1,97.957,1.0
644,97.9436,4,1,97.955,0.0
645,97.9436,3,1,97.953,0.0
646,97.9399,4,-1,97.95,1.0
647,97.9416,4,-1,97.932,0.0
648,97.943,2,-1,97.932,0.0
649,97.9412,4,-1,97.948,1.0
650,97.9408,1,1,97.952,0.0
651,97.9441,1,-1,97.959,1.0
652,97.9456,4,1,97.95,0.0
653,97.9489,2,-1,97.954,1.0
654,97.9483,4,1,97.941,1.0
655,97.9503,4,1,97.966,0.0
656,97.9497,2,-1,97.935,0.0
657,97.951,1,-1,97.943,0.0
658,97.9555,1,-1,97.944,0.0
659,97.9559,1,1,97.955,0.0
660,97.9579,3,-1,97.953,1.0
661,97.9578,4,-1,97.962,0.0
662,97.9568,4,1,97.961,1.0
663,97.9576,2,1,97.945,1.0
664,97.958,3,-1,97.945,0.0
665,97.9588,1,1,97.965,0.0
666,97.9582,3,1,97.963,0.0
667,97.9554,2,-1,97.936,0.0
668,97.9553,1,1,97.973,0.0
669,97.952,1,1,97.938,1.0
670,97.9538,1,-1,97.967,1.0
671,97.954,4,-1,97.938,0.0
672,97.9548,3,-1,97.942,0.0
673,97.9535,1,1,97.942,1.0
674,97.9523,3,1,97.962,0.0
675,97.9512,1,-1,97.935,0.0
676,97.9544,1,1,97.961,0.0
677,97.956,2,1,97.945,1.0
678,97.956,3,-1,97.952,0.0
679,97.9545,2,1,97.951,0.0
680,97.9524,2,-1,97.957,1.0
681,97.9532,2,1,97.955,0.0
682,97.9501,4,1,97.949,0.0
683,97.95,3,-1,97.961,1.0
684,97.9548,1,-1,97.943,0.0
685,97.9574,3,-1,97.95,0.0
686,97.9563,2,-1,97.944,0.0
687,97.9531,1,-1,97.961,1.0
688,97.9505,1,-1,97.955,1.0
689,97.9511,4,-1,97.966,1.0
690,97.9542,1,-1,97.953,1.0
691,97.9538,4,1,97.947,1.0
692,97.9531,4,1,97.948,1.0
693,97.9556,4,1,97.948,1.0
694,97.9558,4,-1,97.939,0.0
695,97.9584,2,-1,97.94,0.0
696,97.9568,2,-1,97.97,1.0
697,97.9566,2,1,97.958,1.0
698,97.9575,4,1,97.968,1.0
699,97.9576,3,-1,97.973,1.0
700,97.956,4,-1,97.964,1.0
701,97.9581,4,1,97.966,0.0
702,97.9602,1,1,97.964,0.0
703,97.9617,2,1,97.957,1.0
704,97.9643,4,1,97.958,1.0
705,97.9666,3,1,97.975,0.0
706,97.9672,1,-1,97.963,0.0
707,97.9703,3,-1,97.973,1.0
708,97.9709,4,1,97.968,1.0
709,97.9717,4,1,97.975,0.0
710,97.971,1,1,97.971,0.0
711,97.9721,4,-1,97.967,1.0
712,97.9686,1,1,97.978,0.0
713,97.9674,1,1,97.96,1.0
714,97.9668,4,1,97.954,1.0
715,97.9667,3,-1,97.953,0.0
716,97.968,3,-1,97.957,0.0
717,97.9658,1,1,97.965,0.0
718,97.9669,4,1,97.957,1.0
719,97.9668,2,-1,97.971,1.0
720,97.971,2,1,97.983,1.0
721,97.9754,1,1,97.988,0.0
722,97.9751,3,-1,97.97,0.0
723,97.9757,1,-1,97.983,1.0
724,97.9745,4,1,97.982,0.0
725,97.9724,4,-1,97.976,0.0
726,97.9731,1,1,97.97,1.0
727,97.9754,1,1,97.973,1.0
728,97.9753,3,-1,97.98,1.0
729,97.9739,2,-1,97.981,1.0
730,97.9742,4,1,97.961,1.0
731,97.9695,1,1,97.971,1.0
732,97.9665,3,-1,97.955,0.0
733,97.9682,2,1,97.966,1.0
734,97.971,1,-1,97.956,0.0
735,97.9717,4,-1,97.982,1.0
736,97.9693,3,1,97.98,0.0
737,97.9659,3,1,97.951,1.0
738,97.9661,3,-1,97.952,0.0
739,97.9667,4,-1,97.951,0.0
740,97.9689,2,-1,97.971,1.0
741,97.9695,3,-1,97.959,0.0
742,97.9693,4,1,97.97,1.0
743,97.9666,2,-1,97.979,1.0
744,97.9672,1,-1,97.966,1.0
745,97.9716,2,1,97.976,1.0
746,97.9696,3,1,97.957,1.0
747,97.9693,4,1,97.963,1.0
748,97.969,2,-1,97.977,1.0
749,97.9692,1,1,97.958,1.0
750,97.9683,3,1,97.982,0.0
751,97.9679,2,1,97.977,0.0
752,97.9667,3,1,97.984,0.0
753,97.9691,2,1,97.979,0.0
754,97.9675,4,1,97.982,0.0
755,97.9709,1,1,97.981,0.0
756,97.9665,2,1,97.952,1.0
757,97.9668,3,1,97.982,0.0
758,97.9678,2,-1,97.981,1.0
759,97.9686,3,-1,97.951,0.0
760,97.9666,1,1,97.965,1.0
761,97.9648,2,-1,97.95,0.0
762,97.966,4,1,97.954,1.0
763,97.9662,4,1,97.97,0.0
764,97.9668,3,-1,97.971,1.0
765,97.9662,1,-1,97.949,0.0
766,97.9667,1,1,97.967,0.0
767,97.9676,2,-1,97.974,1.0
768,97.9668,1,-1,97.969,1.0
769,97.9698,3,1,97.974,0.0
770,97.9711,2,1,97.984,0.0
771,97.9743,4,1,97.97,1.0
772,97.9705,2,1,97.964,1.0
773,97.968,4,1,97.981,0.0
774,97.9638,1,1,97.959,1.0
775,97.9638,1,1,97.98,0.0
776,97.9651,4,1,97.962,1.0
777,97.9649,3,-1,97.963,0.0
778,97.9619,2,1,97.958,0.0
779,97.9632,4,-1,97.977,1.0
780,97.9628,3,1,97.971,0.0
781,97.9627,4,-1,97.963,1.0
782,97.9598,2,1,97.964,0.0
783,97.9617,3,-1,97.966,1.0
784,97.9615,1,1,97.966,0.0
785,97.9581,3,-1,97.966,1.0
786,97.9545,2,-1,97.947,0.0
787,97.9544,2,1,97.958,1.0
788,97.9569,4,1,97.943,1.0
789,97.9599,4,-1,97.968,1.0
790,97.9563,3,-1,97.972,1.0
791,97.9561,2,-1,97.941,0.0
792,97.9577,4,-1,97.95,0.0
793,97.9613,1,1,97.963,1.0
794,97.9574,4,1,97.961,1.0
795,97.958,1,-1,97.969,1.0
796,97.9591,2,1,97.957,1.0
797,97.9587,4,-1,97.947,0.0
798,97.9566,3,1,97.957,1.0
799,97.9571,4,1,97.971,0.0
800,97.9569,3,-1,97.958,1.0
801,97.9615,2,-1,97.971,1.0
802,97.9617,1,1,97.952,1.0
803,97.9599,2,1,97.962,0.0
804,97.9605,4,1,97.959,1.0
805,97.9577,3,1,97.962,0.0
806,97.9607,2,1,97.969,0.0
807,97.9624,2,1,97.968,0.0
808,97.9659,2,-1,97.949,0.0
809,97.9656,3,1,97.968,0.0
810,97.9601,3,-1,97.955,0.0
811,97.9608,2,1,97.975,0.0
812,97.9623,3,-1,97.978,1.0
813,97.9653,1,1,97.975,0.0
814,97.966,4,-1,97.978,1.0
815,97.9664,1,1,97.952,1.0
816,97.9652,2,1,97.962,1.0
817,97.9641,3,-1,97.971,1.0
818,97.9657,1,-1,97.959,0.0
819,97.9668,3,1,97.957,1.0
820,97.9694,3,1,97.975,0.0
821,97.9669,3,-1,97.979,1.0
822,97.9636,4,-1,97.949,0.0
823,97.9632,3,1,97.953,1.0
824,97.9622,2,-1,97.972,1.0
825,97.9612,4,1,97.96,0.0
826,97.9659,2,1,97.968,0.0
827,97.9634,4,-1,97.967,1.0
828,97.9641,4,-1,97.959,0.0
829,97.9616,1,-1,97.973,1.0
830,97.96,1,1,97.961,1.0
831,97.962,1,-1,97.957,0.0
832,97.9573,2,1,97.958,1.0
833,97.9572,3,-1,97.957,1.0
834,97.9555,2,1,97.953,0.0
835,97.9544,4,1,97.965,0.0
836,97.9559,3,-1,97.966,1.0
837,97.9541,1,1,97.94,1.0
838,97.9545,2,-1,97.969,1.0
839,97.9546,2,-1,97.944,0.0
840,97.9531,3,-1,97.964,1.0
841,97.9524,3,-1,97.966,1.0
842,97.9549,4,-1,97.943,0.0
843,97.9556,4,-1,97.943,0.0
844,97.9508,3,1,97.944,1.0
845,97.9536,3,1,97.943,1.0
846,97.9558,4,-1,97.953,1.0
847,97.9571,1,-1,97.961,1.0
848,97.9535,1,1,97.971,0.0
849,97.9513,4,-1,97.942,0.0
850,97.9511,1,1,97.966,0.0
851,97.9487,3,-1,97.944,0.0
852,97.9478,3,1,97.941,1.0
853,97.9444,1,1,97.959,0.0
854,97.9424,1,1,97.954,0.0
855,97.9438,1,-1,97.934,0.0
856,97.9435,1,1,97.954,0.0
857,97.9426,4,1,97.937,1.0
858,97.943,2,1,97.946,0.0
859,97.9463,4,1,97.956,0.0
860,97.9459,1,1,97.959,0.0
861,97.9492,1,1,97.943,1.0
862,97.9473,4,1,97.95,1.0
863,97.95,4,1,97.947,1.0
864,97.9509,2,1,97.937,1.0
865,97.9531,3,1,97.96,0.0
866,97.9544,1,-1,97.953,0.0
867,97.9559,4,1,97.945,1.0
868,97.9566,3,-1,97.951,0.0
869,97.9616,1,1,97.979,0.0
870,97.9637,2,1,97.98,0.0
871,97.9631,4,1,97.963,1.0
872,97.9647,2,1,97.968,0.0
873,97.9636,1,1,97.965,0.0
874,97.9628,3,-1,97.968,1.0
875,97.9633,1,1,97.951,1.0
876,97.9647,1,-1,97.956,0.0
877,97.9601,4,-1,97.967,1.0
878,97.9582,2,-1,97.971,1.0
879,97.9604,3,1,97.966,0.0
880,97.9586,1,1,97.971,0.0
881,97.9569,4,-1,97.957,1.0
882,97.9585,3,-1,97.965,1.0
883,97.9604,3,-1,97.953,0.0
884,97.9649,3,-1,97.958,0.0
885,97.9675,1,-1,97.955,0.0
886,97.971,2,-1,97.976,1.0
887,97.9724,4,1,97.987,0.0
888,97.9731,1,1,97.985,0.0
889,97.9762,3,-1,97.973,0.0
890,97.9765,1,1,97.965,1.0
891,97.978,3,1,97.963,1.0
892,97.9777,4,1,97.983,1.0
893,97.9804,4,1,97.994,0.0
894,97.9775,1,1,97.968,1.0
895,97.9822,4,1,97.998,0.0
896,97.9867,3,-1,97.997,1.0
897,97.984,3,-1,97.988,1.0
898,97.9837,3,-1,97.974,0.0
899,97.9814,3,-1,97.991,1.0
900,97.9808,3,1,97.991,0.0
901,97.9832,3,-1,97.977,0.0
902,97.9811,2,-1,97.988,1.0
903,97.978,1,1,97.97,1.0
904,97.9764,2,1,97.985,0.0
905,97.9767,3,1,97.969,1.0
906,97.9763,2,-1,97.981,1.0
907,97.9755,4,-1,97.978,1.0
908,97.9745,4,1,97.962,1.0
909,97.9737,3,-1,97.968,0.0
910,97.9738,3,-1,97.977,1.0
911,97.9741,2,1,97.967,0.0
912,97.9742,1,-1,97.989,1.0
913,97.9742,4,1,97.968,1.0
914,97.9743,2,1,97.961,1.0
915,97.9722,2,-1,97.954,0.0
916,97.9705,2,1,97.967,0.0
917,97.9713,1,1,97.982,0.0
918,97.9698,3,1,97.982,0.0
919,97.9703,2,1,97.98,0.0
920,97.9686,2,1,97.983,0.0
921,97.9652,2,1,97.976,0.0
922,97.9672,4,1,97.972,0.0
923,97.9668,3,-1,97.955,0.0
924,97.9656,3,-1,97.981,1.0
925,97.9668,2,1,97.984,0.0
926,97.9664,2,-1,97.969,1.0
927,97.9718,4,-1,97.978,1.0
928,97.9752,1,1,97.962,1.0
929,97.9769,2,-1,97.977,0.0
930,97.9783,2,-1,97.968,0.0
931,97.9819,2,1,97.969,1.0
932,97.9821,2,1,97.974,1.0
933,97.9786,2,1,97.994,0.0
934,97.9728,3,1,97.99,0.0
935,97.9737,1,-1,97.989,1.0
936,97.9745,3,1,97.983,0.0
937,97.9705,4,-1,97.957,0.0
938,97.9672,4,-1,97.959,0.0
939,97.9683,2,-1,97.954,0.0
940,97.9669,3,-1,97.966,0.0
941,97.9681,1,1,97.971,0.0
942,97.9668,2,-1,97.978,1.0
943,97.966,2,1,97.961,1.0
944,97.9669,1,1,97.962,1.0
945,97.967,1,1,97.966,0.0
946,97.9699,3,1,97.984,0.0
947,97.9714,4,-1,97.967,1.0
948,97.9697,1,-1,97.971,1.0
949,97.9697,4,1,97.983,0.0
950,97.9695,1,1,97.98,0.0
951,97.9691,2,1,97.987,0.0
952,97.9711,1,1,97.97,1.0
953,97.9686,4,-1,97.985,1.0
954,97.9705,2,-1,97.985,1.0
955,97.9697,3,1,97.97,1.0
956,97.9661,2,1,97.975,0.0
957,97.9651,3,1,97.952,1.0
958,97.9619,2,1,97.954,1.0
959,97.9653,1,1,97.98,0.0
960,97.965,2,1,97.977,0.0
961,97.96,1,1,97.967,0.0
962,97.9587,4,1,97.942,1.0
963,97.9604,3,1,97.959,1.0
964,97.9591,1,1,97.946,1.0
965,97.9618,2,1,97.974,0.0
966,97.9637,4,1,97.958,1.0
967,97.9686,4,-1,97.96,0.0
968,97.9682,4,1,97.986,0.0
969,97.9688,2,1,97.972,1.0
970,97.9681,1,-1,97.956,0.0
971,97.9631,4,1,97.968,1.0
972,97.9637,1,1,97.959,1.0
973,97.9641,1,1,97.98,0.0
974,97.9636,3,-1,97.965,1.0
975,97.964,4,-1,97.964,1.0
976,97.9682,3,-1,97.954,0.0
977,97.9689,3,1,97.975,0.0
978,97.9697,2,1,97.959,1.0
979,97.9749,3,-1,97.964,0.0
980,97.9718,4,1,97.97,1.0
981,97.9706,1,-1,97.961,0.0
982,97.9703,3,-1,97.964,0.0
983,97.9681,4,-1,97.963,0.0
984,97.9704,4,1,97.954,1.0
985,97.97,3,-1,97.964,0.0
986,97.9667,2,-1,97.963,0.0
987,97.9675,1,1,97.955,1.0
988,97.9648,4,1,97.982,0.0
989,97.9615,2,-1,97.972,1.0
990,97.9606,4,1,97.948,1.0
991,97.9616,3,-1,97.958,0.0
992,97.9621,2,1,97.961,0.0
993,97.9617,4,-1,97.975,1.0
994,97.9656,2,-1,97.966,1.0
995,97.967,2,-1,97.962,0.0
996,97.9662,3,-1,97.968,1.0
997,97.9691,4,-1,97.956,0.0
998,97.9665,4,1,97.971,1.0
999,97.9639,2,1,97.978,0.0
1000,97.9652,4,1,97.966,1.0
1001,97.9641,2,1,97.97,0.0
1002,97.963,4,-1,97.951,0.0
1003,97.9611,3,-1,97.954,0.0
1004,97.965,3,1,97.967,0.0
1005,97.964,4,-1,97.973,1.0
1006,97.9652,2,1,97.975,0.0
1007,97.9678,4,-1,97.962,1.0
1008,97.9678,4,1,97.977,0.0
1009,97.9683,3,1,97.953,1.0
1010,97.9682,2,1,97.968,1.0
1011,97.9688,2,1,97.987,0.0
1012,97.9741,2,1,97.988,0.0
1013,97.9737,3,1,97.978,0.0
1014,97.9717,4,1,97.975,1.0
1015,97.9716,3,-1,97.956,0.0
1016,97.9688,4,-1,97.978,0.0
1017,97.9664,2,-1,97.977,1.0
1018,97.9667,2,1,97.977,1.0
1019,97.9683,1,-1,97.973,1.0
1020,97.9703,3,-1,97.979,1.0
1021,97.9671,2,-1,97.977,1.0
1022,97.9654,4,1,97.954,1.0
1023,97.9643,4,-1,97.979,1.0
1024,97.9655,2,1,97.958,1.0
1025,97.9626,3,-1,97.962,0.0
1026,97.9644,4,1,97.973,0.0
1027,97.9645,3,1,97.948,1.0
1028,97.9648,1,-1,97.963,0.0
1029,97.966,4,-1,97.977,1.0
1030,97.9636,4,1,97.98,0.0
1031,97.962,3,-1,97.971,1.0
1032,97.9623,4,-1,97.957,1.0
1033,97.9637,2,1,97.954,1.0
1034,97.9603,2,1,97.969,0.0
1035,97.9594,1,-1,97.944,0.0
1036,97.9579,4,1,97.944,1.0
1037,97.9624,2,1,97.977,0.0
1038,97.9588,1,-1,97.95,0.0
1039,97.9597,3,1,97.953,1.0
1040,97.9576,3,-1,97.953,0.0
1041,97.9557,4,1,97.953,1.0
1042,97.9545,3,1,97.952,1.0
1043,97.9522,4,-1,97.95,1.0
1044,97.9523,1,-1,97.953,1.0
1045,97.9499,4,1,97.96,0.0
1046,97.9525,4,-1,97.951,0.0
1047,97.9502,3,-1,97.939,0.0
1048,97.9515,3,-1,97.951,0.0
1049,97.9544,2,-1,97.963,1.0
1050,97.9571,4,-1,97.943,0.0
1051,97.9575,1,1,97.953,1.0
1052,97.9541,1,-1,97.957,1.0
1053,97.9607,1,1,97.969,0.0
1054,97.9568,2,1,97.974,0.0
1055,97.9592,2,-1,97.952,0.0
1056,97.9535,4,1,97.955,1.0
1057,97.9576,4,1,97.94,1.0
1058,97.9581,1,1,97.956,1.0
1059,97.9585,2,-1,97.95,0.0
1060,97.9566,2,-1,97.944,0.0
1061,97.958,4,1,97.949,1.0
1062,97.9569,1,-1,97.97,1.0
1063,97.9561,3,1,97.947,1.0
1064,97.9599,3,-1,97.956,0.0
1065,97.9579,2,1,97.973,0.0
1066,97.96,4,-1,97.974,1.0
1067,97.9607,3,-1,97.969,1.0
1068,97.9585,1,1,97.971,0.0
1069,97.9591,1,-1,97.953,0.0
1070,97.9575,4,1,97.958,1.0
1071,97.9582,2,1,97.948,1.0
1072,97.9559,3,1,97.948,1.0
1073,97.9564,2,1,97.943,1.0
1074,97.9596,4,1,97.951,1.0
1075,97.9605,3,-1,97.956,0.0
1076,97.9641,3,-1,97.951,0.0
1077,97.9622,4,1,97.964,1.0
1078,97.966,1,-1,97.979,1.0
1079,97.9667,4,-1,97.967,1.0
1080,97.9634,2,-1,97.961,1.0
1081,97.9632,2,-1,97.96,1.0
1082,97.9614,3,-1,97.949,0.0
1083,97.9612,3,-1,97.973,1.0
1084,97.9591,2,1,97.972,0.0
1085,97.96,3,-1,97.954,0.0
1086,97.9594,3,1,97.947,1.0
1087,97.9626,3,-1,97.953,0.0
1088,97.9617,3,1,97.972,0.0
1089,97.963,3,-1,97.977,1.0
1090,97.9622,1,1,97.946,1.0
1091,97.9595,4,-1,97.966,1.0
1092,97.9602,2,1,97.97,0.0
1093,97.9641,2,1,97.964,1.0
1094,97.9646,3,-1,97.972,1.0
1095,97.9654,2,-1,97.957,1.0
1096,97.9631,3,-1,97.95,0.0
1097,97.964,1,-1,97.945,0.0
1098,97.9608,1,-1,97.942,0.0
1099,97.9609,4,1,97.978,0.0
1100,97.9602,1,-1,97.961,1.0
1101,97.961,3,-1,97.967,1.0
1102,97.9622,2,-1,97.947,0.0
1103,97.964,1,1,97.969,0.0
1104,97.9644,1,-1,97.964,0.0
1105,97.9634,4,-1,97.979,1.0
1106,97.9606,1,1,97.965,0.0
1107,97.9593,3,1,97.945,1.0
1108,97.9615,2,1,97.957,0.0
1109,97.961,3,-1,97.946,0.0
1110,97.9558,1,-1,97.959,1.0
1111,97.9574,4,-1,97.947,0.0
1112,97.9591,4,1,97.95,1.0
1113,97.962,4,1,97.966,0.0
1114,97.9658,4,-1,97.969,0.0
1115,97.9654,2,-1,97.962,0.0
1116,97.9642,3,-1,97.973,1.0
1117,97.9668,2,1,97.97,0.0
1118,97.9668,1,1,97.971,0.0
1119,97.9691,1,1,97.958,1.0
1120,97.9703,1,-1,97.964,0.0
1121,97.9659,2,1,97.966,1.0
1122,97.9672,2,-1,97.973,1.0
1123,97.9657,2,1,97.98,0.0
1124,97.9625,1,-1,97.944,0.0
1125,97.9634,2,-1,97.961,0.0
1126,97.9628,4,-1,97.952,0.0
1127,97.9628,1,1,97.972,0.0
1128,97.9663,4,1,97.962,0.0
1129,97.9679,4,1,97.981,0.0
1130,97.9696,4,1,97.978,0.0
1131,97.9689,3,1,97.958,1.0
1132,97.9676,3,-1,97.979,1.0
1133,97.9667,4,-1,97.973,1.0
1134,97.9647,1,1,97.977,0.0
1135,97.9625,3,1,97.978,0.0
1136,97.9605,2,1,97.954,1.0
1137,97.9578,2,-1,97.945,0.0
1138,97.9532,2,1,97.949,0.0
1139,97.9521,2,1,97.944,1.0
1140,97.9503,1,1,97.961,0.0
1141,97.9509,2,-1,97.964,1.0
1142,97.9495,4,1,97.957,0.0
1143,97.9476,2,-1,97.937,0.0
1144,97.9498,1,-1,97.954,1.0
1145,97.9516,1,1,97.95,0.0
1146,97.9542,4,1,97.945,1.0
1147,97.9548,4,-1,97.937,0.0
1148,97.952,3,1,97.95,1.0
1149,97.9542,1,-1,97.967,1.0
1150,97.9518,4,-1,97.965,1.0
1151,97.9519,1,1,97.941,1.0
1152,97.9509,3,1,97.962,0.0
1153,97.9522,1,1,97.937,1.0
1154,97.9504,4,-1,97.958,1.0
1155,97.9503,1,-1,97.956,1.0
1156,97.9557,1,1,97.964,0.0
1157,97.9573,1,1,97.97,0.0
1158,97.9557,1,1,97.96,0.0
1159,97.9569,4,-1,97.948,0.0
1160,97.9555,4,-1,97.951,0.0
1161,97.9537,4,-1,97.97,1.0
1162,97.9564,1,-1,97.956,0.0
1163,97.9591,2,-1,97.961,1.0
1164,97.9595,2,-1,97.952,1.0
1165,97.963,1,-1,97.958,0.0
1166,97.9618,3,-1,97.949,0.0
1167,97.9649,4,1,97.976,0.0
1168,97.9604,4,1,97.949,1.0
1169,97.9621,4,1,97.964,1.0
1170,97.9615,2,-1,97.943,0.0
1171,97.9608,2,-1,97.945,0.0
1172,97.9635,1,1,97.976,0.0
1173,97.9604,4,1,97.952,1.0
1174,97.9598,4,1,97.952,1.0
1175,97.9619,2,-1,97.965,1.0
1176,97.9643,1,1,97.974,0.0
1177,97.9612,4,1,97.956,1.0
1178,97.9657,2,1,97.963,1.0
1179,97.9693,2,1,97.975,0.0
1180,97.9687,4,-1,97.982,1.0
1181,97.9664,3,-1,97.956,0.0
1182,97.9641,1,-1,97.956,0.0
1183,97.9645,2,1,97.976,0.0
1184,97.964,3,-1,97.978,1.0
1185,97.961,1,-1,97.967,1.0
1186,97.9594,3,1,97.973,0.0
1187,97.9571,4,-1,97.941,0.0
1188,97.9544,4,-1,97.957,1.0
1189,97.9557,2,1,97.951,1.0
1190,97.9554,1,1,97.95,1.0
1191,97.9548,3,-1,97.959,1.0
1192,97.9549,3,-1,97.969,1.0
1193,97.9569,4,-1,97.951,0.0
1194,97.963,2,-1,97.962,1.0
1195,97.9657,1,1,97.968,0.0
1196,97.966,4,-1,97.959,0.0
1197,97.9686,1,-1,97.952,0.0
1198,97.9669,2,1,97.961,0.0
1199,97.9656,1,-1,97.962,0.0
1200,97.9673,1,-1,97.949,0.0
1201,97.9666,2,-1,97.953,0.0
1202,97.9673,2,-1,97.973,1.0
1203,97.9641,1,-1,97.954,0.0
1204,97.9646,2,-1,97.947,0.0
1205,97.9633,2,1,97.979,0.0
1206,97.9637,3,1,97.956,1.0
1207,97.9634,2,1,97.959,1.0
1208,97.9643,3,1,97.953,1.0
1209,97.9654,3,1,97.971,0.0
1210,97.9663,4,1,97.983,0.0
1211,97.9644,1,-1,97.966,0.0
1212,97.9622,4,1,97.965,1.0
1213,97.9654,1,1,97.965,1.0
1214,97.9614,1,1,97.948,1.0
1215,97.9591,3,1,97.943,1.0
1216,97.959,1,1,97.977,0.0
1217,97.9592,1,1,97.965,0.0
1218,97.9594,1,-1,97.97,1.0
1219,97.9592,4,-1,97.946,1.0
1220,97.9621,1,-1,97.972,1.0
1221,97.9591,2,1,97.943,1.0
1222,97.9595,3,1,97.95,1.0
1223,97.961,2,-1,97.974,1.0
1224,97.9623,3,1,97.949,1.0
1225,97.9622,2,1,97.962,0.0
1226,97.9648,2,-1,97.963,0.0
1227,97.9683,4,1,97.961,1.0
1228,97.9649,4,1,97.975,0.0
1229,97.9691,4,1,97.958,1.0
1230,97.9686,4,-1,97.95,0.0
1231,97.9699,2,-1,97.984,1.0
1232,97.9719,3,1,97.963,1.0
1233,97.9699,2,-1,97.984,1.0
1234,97.9733,2,1,97.956,1.0
1235,97.9738,4,-1,97.975,0.0
1236,97.9721,1,-1,97.98,1.0
1237,97.9724,4,1,97.984,0.0
1238,97.9745,2,1,97.977,0.0
1239,97.9738,3,-1,97.964,0.0
1240,97.9754,3,-1,97.973,0.0
1241,97.975,1,1,97.976,1.0
1242,97.9774,4,-1,97.974,0.0
1243,97.9808,1,1,97.994,0.0
1244,97.9815,1,1,97.999,0.0
1245,97.9779,3,1,97.992,0.0
1246,97.9776,2,1,97.978,0.0
1247,97.9794,2,1,97.985,0.0
1248,97.978,3,-1,97.972,0.0
1249,97.9791,2,-1,97.961,0.0
1250,97.98,1,-1,97.984,1.0
1251,97.9798,4,1,97.968,1.0
1252,97.9787,3,-1,97.985,1.0
1253,97.977,4,-1,97.985,1.0
1254,97.9736,2,1,97.962,1.0
1255,97.9743,3,1,97.99,0.0
1256,97.9728,2,1,97.981,1.0
1257,97.9776,2,1,97.977,1.0
1258,97.9811,4,1,97.98,1.0
1259,97.9801,3,1,97.963,1.0
1260,97.9781,1,1,97.977,1.0
1261,97.9775,4,1,97.971,1.0
1262,97.9765,3,1,97.972,1.0
1263,97.9783,3,-1,97.972,0.0
1264,97.9742,1,1,97.966,1.0
1265,97.9748,2,1,97.98,1.0
1266,97.979,1,-1,97.98,1.0
1267,97.9798,4,-1,97.989,1.0
1268,97.9791,4,1,97.991,0.0
1269,97.9763,4,-1,97.965,0.0
1270,97.9773,1,-1,97.983,1.0
1271,97.9766,3,1,97.965,1.0
1272,97.9773,2,-1,97.963,1.0
1273,97.978,1,-1,97.977,0.0
1274,97.9777,2,1,97.979,1.0
1275,97.9732,3,-1,97.988,1.0
1276,97.9755,1,-1,97.988,1.0
1277,97.9815,2,1,97.979,0.0
1278,97.9806,1,-1,97.989,1.0
1279,97.9839,4,1,97.978,1.0
1280,97.9835,4,-1,97.977,0.0
1281,97.9841,3,1,97.994,0.0
1282,97.9813,4,1,97.994,0.0
1283,97.9852,2,1,97.98,1.0
1284,97.9845,3,1,97.984,0.0
1285,97.979,3,1,97.99,0.0
1286,97.9769,2,-1,97.967,0.0
1287,97.9759,3,1,97.977,0.0
1288,97.9767,1,-1,97.961,0.0
1289,97.9764,1,1,97.984,0.0
1290,97.9775,3,-1,97.966,0.0
1291,97.9784,4,-1,97.966,0.0
1292,97.9813,4,-1,97.977,1.0
1293,97.9809,2,1,97.998,0.0
1294,97.978,3,1,97.995,0.0
1295,97.9765,4,-1,97.985,1.0
1296,97.9744,3,-1,97.982,1.0
1297,97.9765,3,-1,97.979,1.0
1298,97.9775,1,1,97.991,0.0
1299,97.9771,2,1,97.985,0.0
1300,97.9776,2,1,97.968,1.0
1301,97.978,4,-1,97.97,0.0
1302,97.9819,1,1,97.982,0.0
1303,97.9787,3,1,97.995,0.0
1304,97.9794,4,1,97.98,0.0
1305,97.9788,1,-1,97.966,0.0
1306,97.9752,3,1,97.964,1.0
1307,97.9717,3,1,97.958,1.0
1308,97.9687,3,1,97.979,0.0
1309,97.9694,3,-1,97.952,0.0
1310,97.9695,2,-1,97.984,1.0
1311,97.9691,2,-1,97.958,1.0
1312,97.9701,3,1,97.972,0.0
1313,97.9751,2,1,97.96,1.0
1314,97.9755,4,-1,97.981,1.0
1315,97.9726,3,1,97.981,0.0
1316,97.9697,2,-1,97.968,1.0
1317,97.971,4,1,97.982,1.0
1318,97.9715,2,-1,97.953,0.0
1319,97.974,4,-1,97.969,1.0
1320,97.9763,2,-1,97.961,0.0
1321,97.9715,4,1,97.978,0.0
1322,97.9719,4,1,97.98,0.0
1323,97.9692,4,1,97.965,0.0
1324,97.9694,1,1,97.961,1.0
1325,97.9713,3,1,97.977,0.0
1326,97.967,2,-1,97.979,1.0
1327,97.9659,2,-1,97.949,0.0
1328,97.9644,2,1,97.968,0.0
1329,97.9633,1,-1,97.965,1.0
1330,97.9603,4,-1,97.948,0.0
1331,97.9633,3,-1,97.962,0.0
1332,97.9616,1,-1,97.962,1.0
1333,97.9622,3,-1,97.962,0.0
1334,97.963,1,-1,97.958,0.0
1335,97.9631,2,-1,97.974,1.0
1336,97.9625,1,1,97.963,1.0
1337,97.9621,2,1,97.977,0.0
1338,97.9665,4,1,97.953,1.0
1339,97.9673,3,-1,97.963,0.0
1340,97.9645,3,-1,97.947,0.0
1341,97.9641,1,1,97.957,1.0
1342,97.9627,1,1,97.959,1.0
1343,97.9576,2,-1,97.944,0.0
1344,97.9587,3,-1,97.966,1.0
1345,97.9554,1,1,97.948,1.0
1346,97.9531,1,1,97.957,0.0
1347,97.9546,2,1,97.958,1.0
1348,97.9525,1,-1,97.945,0.0
1349,97.9567,3,1,97.944,1.0
1350,97.9565,3,1,97.944,1.0
1351,97.9581,1,-1,97.97,1.0
1352,97.9586,1,1,97.97,0.0
1353,97.9573,4,1,97.949,1.0
1354,97.9604,1,1,97.972,0.0
1355,97.9593,3,-1,97.971,1.0
1356,97.9575,3,1,97.946,1.0
1357,97.9555,3,1,97.952,1.0
1358,97.9587,4,-1,97.954,0.0
1359,97.9594,3,-1,97.942,0.0
1360,97.9584,3,1,97.975,0.0
1361,97.9558,2,1,97.972,0.0
1362,97.9596,1,1,97.947,1.0
1363,97.9613,4,1,97.958,1.0
1364,97.9632,1,-1,97.965,1.0
1365,97.9636,3,-1,97.967,1.0
1366,97.963,2,-1,97.969,1.0
1367,97.9615,1,-1,97.975,1.0
1368,97.9639,1,1,97.977,0.0
1369,97.9657,1,-1,97.975,1.0
1370,97.9636,4,1,97.981,0.0
1371,97.9631,4,1,97.962,1.0
1372,97.9607,4,-1,97.967,1.0
1373,97.9582,4,-1,97.974,1.0
1374,97.9579,2,-1,97.968,1.0
1375,97.9564,2,1,97.972,0.0
1376,97.9524,3,-1,97.956,1.0
1377,97.9484,3,-1,97.957,1.0
1378,97.9475,3,-1,97.937,0.0
1379,97.9455,3,1,97.959,0.0
1380,97.9453,4,1,97.96,0.0
1381,97.9429,3,1,97.945,0.0
1382,97.9437,2,-1,97.944,0.0
1383,97.9434,3,-1,97.932,0.0
1384,97.9428,1,1,97.934,1.0
1385,97.942,4,1,97.939,1.0
1386,97.9446,4,1,97.94,1.0
1387,97.9433,3,1,97.935,1.0
1388,97.944,1,-1,97.935,0.0
1389,97.9437,2,1,97.937,1.0
1390,97.9442,3,1,97.929,1.0
1391,97.9462,3,-1,97.961,1.0
1392,97.9443,3,1,97.932,1.0
1393,97.9432,4,-1,97.959,1.0
1394,97.9464,3,1,97.937,1.0
1395,97.944,3,1,97.931,1.0
1396,97.9428,4,1,97.945,0.0
1397,97.9422,4,-1,97.948,1.0
1398,97.9404,3,1,97.936,1.0
1399,97.9424,2,1,97.932,1.0
1400,97.9413,4,-1,97.926,0.0
1401,97.9433,2,-1,97.948,1.0
1402,97.9402,4,-1,97.931,0.0
1403,97.9392,2,-1,97.921,0.0
1404,97.9456,3,-1,97.944,0.0
1405,97.9402,2,1,97.938,1.0
1406,97.9444,3,1,97.949,0.0
1407,97.943,1,1,97.93,1.0
1408,97.9442,1,-1,97.941,0.0
1409,97.941,1,-1,97.927,0.0
1410,97.9383,1,1,97.95,0.0
1411,97.9433,2,1,97.954,0.0
1412,97.9438,2,-1,97.945,1.0
1413,97.9482,3,1,97.939,1.0
1414,97.9484,1,-1,97.946,0.0
1415,97.9467,1,1,97.959,0.0
1416,97.948,3,1,97.94,1.0
1417,97.9469,4,1,97.932,1.0
1418,97.9457,2,-1,97.961,1.0
1419,97.9456,3,-1,97.931,0.0
1420,97.9448,3,1,97.941,0.0
1421,97.9458,3,-1,97.947,1.0
1422,97.9514,4,1,97.946,1.0
1423,97.9504,1,-1,97.95,1.0
1424,97.9503,4,-1,97.96,0.0
1425,97.9524,2,-1,97.957,1.0
1426,97.9509,1,1,97.965,0.0
1427,97.9476,1,1,97.936,1.0
1428,97.9489,3,1,97.95,1.0
1429,97.9486,2,-1,97.947,0.0
1430,97.9485,2,-1,97.93,0.0
1431,97.9449,3,-1,97.945,1.0
1432,97.939,3,1,97.924,1.0
1433,97.9383,2,-1,97.927,0.0
1434,97.9381,4,-1,97.945,1.0
1435,97.9389,3,-1,97.938,0.0
1436,97.9401,2,-1,97.951,1.0
1437,97.9383,3,1,97.932,1.0
1438,97.9375,4,1,97.923,1.0
1439,97.9385,4,-1,97.951,1.0
1440,97.939,4,1,97.943,0.0
1441,97.9384,4,-1,97.948,1.0
1442,97.9361,4,-1,97.952,1.0
1443,97.9374,1,-1,97.953,1.0
1444,97.9407,1,1,97.942,0.0
1445,97.9369,3,1,97.95,0.0
1446,97.9374,3,1,97.928,1.0
1447,97.9388,4,-1,97.944,1.0
1448,97.9403,4,1,97.939,1.0
1449,97.9397,3,1,97.951,0.0
1450,97.9411,2,-1,97.945,1.0
1451,97.9423,3,1,97.945,0.0
1452,97.9434,2,1,97.948,0.0
1453,97.9462,2,1,97.951,1.0
1454,97.9491,1,1,97.96,0.0
1455,97.9491,4,1,97.936,1.0
1456,97.9514,4,1,97.941,1.0
1457,97.9513,1,-1,97.963,1.0
1458,97.9495,3,-1,97.94,0.0
1459,97.9505,3,1,97.964,0.0
1460,97.949,4,1,97.943,1.0
1461,97.9495,1,1,97.966,0.0
1462,97.9518,1,1,97.94,1.0
1463,97.9566,3,-1,97.939,0.0
1464,97.9543,3,-1,97.966,1.0
1465,97.9545,3,-1,97.96,1.0
1466,97.9521,2,-1,97.965,1.0
1467,97.9547,1,-1,97.937,0.0
1468,97.9552,4,-1,97.961,1.0
1469,97.9552,2,-1,97.962,1.0
1470,97.9538,3,-1,97.951,0.0
1471,97.9521,2,1,97.947,1.0
1472,97.9507,4,-1,97.947,1.0
1473,97.9529,3,1,97.948,1.0
1474,97.9512,3,1,97.948,1.0
1475,97.9493,4,-1,97.962,1.0
1476,97.9499,1,1,97.952,0.0
1477,97.9539,1,1,97.962,0.0
1478,97.9519,3,-1,97.939,0.0
1479,97.9518,1,1,97.946,1.0
1480,97.9521,2,-1,97.943,0.0
1481,97.9538,4,1,97.948,1.0
1482,97.951,3,1,97.964,0.0
1483,97.9467,4,1,97.965,0.0
1484,97.9475,1,-1,97.944,0.0
1485,97.947,3,1,97.937,1.0
1486,97.9428,1,-1,97.941,1.0
1487,97.9438,2,1,97.961,0.0
1488,97.9468,3,1,97.946,1.0
1489,97.9524,4,-1,97.964,1.0
1490,97.9529,2,1,97.969,0.0
1491,97.9519,1,1,97.952,1.0
1492,97.9531,3,1,97.946,1.0
1493,97.9517,1,1,97.944,1.0
1494,97.9506,1,1,97.947,1.0
1495,97.9535,3,-1,97.951,0.0
1496,97.9538,4,-1,97.955,0.0
1497,97.9559,4,1,97.963,0.0
1498,97.95,3,1,97.935,1.0
1499,97.9495,3,-1,97.962,1.0
1500,97.9481,3,-1,97.959,1.0
1501,97.9532,2,-1,97.966,1.0
1502,97.9546,1,1,97.939,1.0
1503,97.9584,3,1,97.951,1.0
1504,97.961,2,-1,97.946,0.0
1505,97.9599,4,1,97.973,0.0
1506,97.9593,3,1,97.951,1.0
1507,97.9575,2,1,97.957,0.0
1508,97.9593,1,1,97.974,0.0
1509,97.9585,2,1,97.949,1.0
1510,97.9573,2,-1,97.961,0.0
1511,97.9581,1,-1,97.959,1.0
1512,97.9596,1,1,97.95,1.0
1513,97.9583,1,1,97.95,1.0
1514,97.9562,3,1,97.969,0.0
1515,97.9548,2,-1,97.951,1.0
1516,97.955,1,1,97.94,1.0
1517,97.9567,4,-1,97.97,1.0
1518,97.9558,1,1,97.948,1.0
1519,97.9565,2,1,97.968,0.0
1520,97.9576,2,-1,97.941,0.0
1521,97.9587,1,1,97.967,0.0
1522,97.955,4,1,97.941,1.0
1523,97.9568,1,-1,97.949,0.0
1524,97.9566,2,-1,97.968,1.0
1525,97.9568,4,1,97.94,1.0
1526,97.9561,1,-1,97.969,1.0
1527,97.9537,4,-1,97.953,1.0
1528,97.9559,3,-1,97.971,1.0
1529,97.9531,2,1,97.959,0.0
1530,97.9578,2,-1,97.963,1.0
1531,97.959,4,-1,97.969,1.0
1532,97.9593,1,1,97.966,0.0
1533,97.9638,3,-1,97.956,0.0
1534,97.9659,3,-1,97.98,1.0
1535,97.967,2,1,97.951,1.0
1536,97.9656,3,1,97.951,1.0
1537,97.9686,4,-1,97.97,1.0
1538,97.9735,1,-1,97.972,1.0
1539,97.9737,2,-1,97.963,0.0
1540,97.9771,2,1,97.983,0.0
1541,97.9769,1,1,97.972,1.0
1542,97.9787,3,-1,97.973,0.0
1543,97.9735,1,-1,97.967,0.0
1544,97.974,3,-1,97.968,0.0
1545,97.968,4,1,97.975,1.0
1546,97.9705,1,1,97.963,1.0
1547,97.9718,1,-1,97.98,1.0
1548,97.9774,4,-1,97.982,1.0
1549,97.9752,1,1,97.988,0.0
1550,97.9748,2,-1,97.967,0.0
1551,97.9738,2,-1,97.989,1.0
1552,97.9739,4,1,97.979,0.0
1553,97.9763,1,-1,97.963,0.0
1554,97.9813,2,1,97.996,0.0
1555,97.9791,3,1,97.987,0.0
1556,97.9797,3,-1,97.992,1.0
1557,97.98,1,1,97.997,0.0
1558,97.9757,4,-1,97.981,1.0
1559,97.9751,4,1,97.966,1.0
1560,97.9723,1,-1,97.976,1.0
1561,97.9709,3,1,97.985,0.0
1562,97.9679,2,1,97.964,1.0
1563,97.969,4,-1,97.963,1.0
1564,97.969,4,-1,97.962,0.0
1565,97.9676,1,-1,97.983,1.0
1566,97.9721,2,-1,97.981,1.0
1567,97.9729,4,1,97.963,1.0
1568,97.972,1,1,97.97,1.0
1569,97.9733,2,-1,97.958,0.0
1570,97.9747,4,1,97.973,1.0
1571,97.9726,4,-1,97.983,1.0
1572,97.9728,1,1,97.978,0.0
1573,97.969,3,-1,97.977,1.0
1574,97.9673,1,1,97.975,0.0
1575,97.966,1,1,97.954,1.0
1576,97.966,2,1,97.981,0.0
1577,97.9672,3,-1,97.983,1.0
1578,97.9671,3,1,97.966,1.0
1579,97.9641,3,1,97.968,0.0
1580,97.9655,3,-1,97.969,1.0
1581,97.9663,4,-1,97.952,0.0
1582,97.9677,2,-1,97.964,1.0
1583,97.9668,3,1,97.981,0.0
1584,97.965,4,1,97.977,0.0
1585,97.9666,4,-1,97.956,0.0
1586,97.9655,1,1,97.977,0.0
1587,97.9649,2,1,97.976,0.0
1588,97.9669,2,1,97.979,0.0
1589,97.9672,2,-1,97.971,1.0
1590,97.9671,4,-1,97.983,1.0
1591,97.9677,1,-1,97.96,0.0
1592,97.9673,2,1,97.97,0.0
1593,97.969,3,1,97.96,1.0
1594,97.9692,4,1,97.969,1.0
1595,97.9724,3,-1,97.976,1.0
1596,97.9691,3,1,97.959,1.0
1597,97.9699,2,1,97.977,0.0
1598,97.971,2,-1,97.966,1.0
1599,97.9707,4,-1,97.965,0.0
1600,97.971,3,-1,97.961,0.0
1601,97.9702,2,-1,97.955,0.0
1602,97.9709,3,1,97.958,1.0
1603,97.9696,3,-1,97.951,0.0
1604,97.9678,3,-1,97.961,0.0
1605,97.9667,2,-1,97.95,0.0
1606,97.9691,2,1,97.984,0.0
1607,97.9683,3,-1,97.955,0.0
1608,97.9642,2,-1,97.964,0.0
1609,97.9634,1,1,97.95,1.0
1610,97.9677,4,-1,97.955,0.0
1611,97.9669,4,1,97.97,0.0
1612,97.9657,2,-1,97.949,0.0
1613,97.9641,2,1,97.961,0.0
1614,97.9641,1,-1,97.947,0.0
1615,97.9613,2,1,97.944,1.0
1616,97.9601,3,1,97.963,0.0
1617,97.961,3,-1,97.952,0.0
1618,97.9586,3,-1,97.945,0.0
1619,97.959,2,-1,97.971,1.0
1620,97.957,1,-1,97.955,0.0
1621,97.9586,3,1,97.973,0.0
1622,97.9597,3,1,97.966,0.0
1623,97.9604,3,1,97.962,1.0
1624,97.9617,4,-1,97.961,1.0
1625,97.9617,1,-1,97.965,1.0
1626,97.9638,1,-1,97.959,0.0
1627,97.9637,3,-1,97.955,0.0
1628,97.9625,2,-1,97.957,0.0
1629,97.9618,2,1,97.946,1.0
1630,97.9636,2,-1,97.973,1.0
1631,97.9603,4,1,97.945,1.0
1632,97.9581,4,-1,97.946,0.0
1633,97.9561,4,1,97.945,1.0
1634,97.955,4,-1,97.941,0.0
1635,97.9556,2,-1,97.938,0.0
1636,97.9521,1,-1,97.962,1.0
1637,97.9509,3,-1,97.948,0.0
1638,97.9516,2,1,97.936,1.0
1639,97.9534,2,-1,97.943,0.0
1640,97.953,3,-1,97.948,0.0
1641,97.9559,2,-1,97.957,0.0
1642,97.9578,2,1,97.954,1.0
1643,97.9559,1,1,97.971,0.0
1644,97.955,4,1,97.95,1.0
1645,97.9535,2,-1,97.955,1.0
1646,97.9532,3,1,97.942,1.0
1647,97.954,1,1,97.941,1.0
1648,97.9582,3,1,97.951,1.0
1649,97.9566,3,1,97.94,1.0
1650,97.9584,3,1,97.954,1.0
1651,97.9542,2,1,97.96,0.0
1652,97.9522,4,1,97.945,1.0
1653,97.9509,1,-1,97.952,1.0
1654,97.9493,2,-1,97.961,1.0
1655,97.9541,1,-1,97.949,0.0
1656,97.9536,1,-1,97.945,0.0
1657,97.9576,3,-1,97.951,0.0
1658,97.9552,3,1,97.962,0.0
1659,97.9527,4,-1,97.943,0.0
1660,97.9509,1,1,97.934,1.0
1661,97.9503,4,1,97.955,0.0
1662,97.9448,2,-1,97.932,0.0
1663,97.9476,4,-1,97.93,0.0
1664,97.9505,2,1,97.966,0.0
1665,97.9502,2,1,97.951,0.0
1666,97.9501,3,-1,97.947,1.0
1667,97.9513,1,1,97.954,1.0
1668,97.952,4,-1,97.962,1.0
1669,97.9567,3,-1,97.938,0.0
1670,97.9583,2,1,97.967,0.0
1671,97.9611,2,1,97.973,0.0
1672,97.9611,4,-1,97.95,0.0
1673,97.9631,2,-1,97.954,0.0
1674,97.9585,3,1,97.944,1.0
1675,97.9619,4,-1,97.968,1.0
1676,97.962,3,-1,97.958,0.0
1677,97.9612,2,1,97.944,1.0
1678,97.9624,2,1,97.962,1.0
1679,97.9605,1,-1,97.958,0.0
1680,97.9614,2,-1,97.957,0.0
1681,97.9553,4,1,97.959,1.0
1682,97.9552,3,1,97.954,1.0
1683,97.9563,1,1,97.956,1.0
1684,97.9569,3,-1,97.942,0.0
1685,97.9611,4,1,97.971,0.0
1686,97.9612,1,1,97.97,0.0
1687,97.9613,4,1,97.978,0.0
1688,97.9619,1,1,97.968,0.0
1689,97.9591,3,1,97.967,0.0
1690,97.9565,2,-1,97.955,1.0
1691,97.9611,2,-1,97.971,1.0
1692,97.9599,3,-1,97.961,0.0
1693,97.9627,3,-1,97.947,0.0
1694,97.9643,2,-1,97.978,1.0
1695,97.9653,4,-1,97.953,0.0
1696,97.9678,1,1,97.968,0.0
1697,97.9683,4,-1,97.963,0.0
1698,97.968,3,-1,97.981,1.0
1699,97.9683,2,1,97.983,1.0
1700,97.9709,3,-1,97.98,1.0
1701,97.9686,3,1,97.966,1.0
1702,97.9695,2,1,97.955,1.0
1703,97.9697,1,1,97.96,1.0
1704,97.9675,1,-1,97.951,0.0
1705,97.97,2,-1,97.984,1.0
1706,97.9694,2,1,97.983,0.0
1707,97.9703,4,-1,97.955,0.0
1708,97.9686,4,1,97.979,0.0
1709,97.9692,1,1,97.987,0.0
1710,97.9686,3,-1,97.964,0.0
1711,97.9684,1,1,97.974,0.0
1712,97.9689,1,-1,97.982,1.0
1713,97.9672,1,1,97.983,0.0
1714,97.9667,3,1,97.959,1.0
1715,97.9648,4,-1,97.957,0.0
1716,97.9621,4,1,97.967,0.0
1717,97.961,2,-1,97.95,0.0
1718,97.9605,3,-1,97.971,1.0
1719,97.9552,1,-1,97.938,0.0
1720,97.9502,3,1,97.96,0.0
1721,97.9473,1,1,97.942,1.0
1722,97.9468,4,-1,97.962,1.0
1723,97.9468,2,-1,97.956,1.0
1724,97.9491,2,-1,97.95,1.0
1725,97.9516,1,1,97.964,0.0
1726,97.9504,4,-1,97.946,1.0
1727,97.9501,4,1,97.952,1.0
1728,97.947,2,-1,97.936,0.0
1729,97.9451,3,-1,97.952,1.0
1730,97.9448,3,1,97.931,1.0
1731,97.9461,4,1,97.948,0.0
1732,97.9473,1,1,97.938,1.0
1733,97.9476,2,-1,97.939,0.0
1734,97.9467,2,-1,97.935,1.0
1735,97.945,3,1,97.956,0.0
1736,97.9491,3,-1,97.957,1.0
1737,97.9517,3,-1,97.963,1.0
1738,97.9502,2,-1,97.963,1.0
1739,97.9495,2,-1,97.941,0.0
1740,97.9469,4,-1,97.949,1.0
1741,97.9497,2,1,97.933,1.0
1742,97.9496,4,1,97.936,1.0
1743,97.948,4,1,97.932,1.0
1744,97.9487,2,1,97.942,1.0
1745,97.9484,1,1,97.956,0.0
1746,97.9478,1,-1,97.941,0.0
1747,97.9492,1,1,97.942,1.0
1748,97.9505,4,-1,97.965,1.0
1749,97.9515,1,-1,97.961,1.0
1750,97.9468,4,1,97.95,1.0
1751,97.9479,4,1,97.957,0.0
1752,97.9478,4,-1,97.952,1.0
1753,97.9485,4,-1,97.965,1.0
1754,97.9474,1,-1,97.953,1.0
1755,97.9447,1,1,97.962,0.0
1756,97.948,1,-1,97.95,1.0
1757,97.9482,1,-1,97.947,0.0
1758,97.9468,1,1,97.932,1.0
1759,97.9432,1,1,97.93,1.0
1760,97.9413,1,-1,97.947,1.0
1761,97.9404,2,-1,97.932,1.0
1762,97.9389,2,1,97.955,0.0
1763,97.9395,3,1,97.926,1.0
1764,97.939,4,1,97.927,1.0
1765,97.9382,3,-1,97.932,1.0
1766,97.9416,4,-1,97.945,1.0
1767,97.9384,1,-1,97.935,0.0
1768,97.9406,1,1,97.958,0.0
1769,97.9418,1,1,97.937,1.0
1770,97.9432,1,1,97.944,1.0
1771,97.9413,2,1,97.955,0.0
1772,97.9383,1,1,97.934,1.0
1773,97.9388,4,1,97.951,0.0
1774,97.937,2,-1,97.92,0.0
1775,97.9381,4,-1,97.949,1.0
1776,97.9403,2,1,97.937,1.0
1777,97.9434,3,-1,97.934,0.0
1778,97.9458,4,1,97.929,1.0
1779,97.9451,4,1,97.937,1.0
1780,97.944,2,-1,97.93,0.0
1781,97.9433,3,-1,97.957,1.0
1782,97.9443,4,-1,97.941,1.0
1783,97.9466,4,1,97.938,1.0
1784,97.9485,2,-1,97.934,1.0
1785,97.9474,1,-1,97.941,0.0
1786,97.949,1,-1,97.963,1.0
1787,97.9503,3,1,97.937,1.0
1788,97.9496,3,1,97.952,0.0
1789,97.9496,4,-1,97.932,0.0
1790,97.9498,3,1,97.961,0.0
1791,97.95,3,-1,97.938,0.0
1792,97.951,3,1,97.946,1.0
1793,97.9518,3,-1,97.934,0.0
1794,97.9532,3,-1,97.966,1.0
1795,97.9493,4,-1,97.954,1.0
1796,97.9475,4,-1,97.955,1.0
1797,97.9454,2,-1,97.933,0.0
1798,97.9479,1,-1,97.952,1.0
1799,97.9478,1,-1,97.938,0.0
1800,97.9489,2,-1,97.947,1.0
1801,97.9516,3,-1,97.947,0.0
1802,97.9498,2,1,97.966,0.0
1803,97.9469,3,1,97.951,0.0
1804,97.9431,4,-1,97.944,0.0
1805,97.9404,4,1,97.947,1.0
1806,97.9412,1,-1,97.954,1.0
1807,97.9397,2,-1,97.928,0.0
1808,97.9403,4,-1,97.949,1.0
1809,97.9412,3,1,97.933,1.0
1810,97.941,1,-1,97.948,1.0
1811,97.9424,2,1,97.941,1.0
1812,97.9448,1,1,97.935,1.0
1813,97.9441,3,-1,97.945,1.0
1814,97.9431,2,-1,97.936,1.0
1815,97.9389,2,-1,97.924,0.0
1816,97.9403,1,1,97.947,0.0
1817,97.9398,3,-1,97.937,0.0
1818,97.9423,3,1,97.926,1.0
1819,97.943,2,1,97.927,1.0
1820,97.9418,2,-1,97.938,0.0
1821,97.9412,3,1,97.942,0.0
1822,97.9434,3,-1,97.932,0.0
1823,97.9435,2,1,97.948,0.0
1824,97.9445,4,1,97.932,1.0
1825,97.9443,4,-1,97.935,0.0
1826,97.9488,1,1,97.932,1.0
1827,97.9503,4,1,97.964,0.0
1828,97.9538,3,-1,97.938,0.0
1829,97.9529,3,1,97.952,1.0
1830,97.9504,1,-1,97.96,1.0
1831,97.95,3,-1,97.959,1.0
1832,97.9498,3,1,97.961,0.0
1833,97.9499,2,-1,97.959,1.0
1834,97.9448,3,-1,97.949,1.0
1835,97.9433,3,-1,97.929,0.0
1836,97.9432,3,-1,97.936,0.0
1837,97.9407,2,-1,97.944,1.0
1838,97.9418,4,1,97.945,1.0
1839,97.9402,2,-1,97.923,0.0
1840,97.9392,2,-1,97.926,0.0
1841,97.9433,1,1,97.949,0.0
1842,97.9451,4,-1,97.948,0.0
1843,97.9455,4,-1,97.947,0.0
1844,97.9477,4,-1,97.938,0.0
1845,97.9473,4,1,97.939,1.0
1846,97.9495,3,1,97.936,1.0
1847,97.9527,1,-1,97.959,1.0
1848,97.9533,2,-1,97.955,1.0
1849,97.9587,2,-1,97.971,1.0
1850,97.9588,2,-1,97.947,0.0
1851,97.958,2,1,97.966,0.0
1852,97.9597,3,-1,97.944,0.0
1853,97.9622,3,1,97.967,0.0
1854,97.9647,3,-1,97.949,0.0
1855,97.9637,3,-1,97.954,0.0
1856,97.9609,3,-1,97.948,0.0
1857,97.9592,2,-1,97.942,0.0
1858,97.9548,1,1,97.948,1.0
1859,97.9568,3,1,97.968,0.0
1860,97.954,1,-1,97.965,1.0
1861,97.9495,2,-1,97.95,0.0
1862,97.9489,1,-1,97.939,0.0
1863,97.9506,3,-1,97.946,0.0
1864,97.9481,3,1,97.934,1.0
1865,97.9521,3,-1,97.952,0.0
1866,97.952,4,-1,97.963,1.0
1867,97.9534,1,-1,97.936,0.0
1868,97.9528,4,-1,97.956,0.0
1869,97.953,1,-1,97.955,1.0
1870,97.9543,2,1,97.94,1.0
1871,97.9515,2,1,97.959,0.0
1872,97.9533,3,-1,97.967,1.0
1873,97.95,3,1,97.934,1.0
1874,97.9499,3,1,97.956,0.0
1875,97.9527,2,-1,97.962,1.0
1876,97.9535,2,-1,97.935,0.0
1877,97.9595,4,1,97.978,0.0
1878,97.9608,1,1,97.962,0.0
1879,97.9576,4,1,97.962,0.0
1880,97.9588,1,1,97.969,0.0
1881,97.9561,4,-1,97.959,1.0
1882,97.9525,4,1,97.94,1.0
1883,97.9529,1,1,97.967,0.0
1884,97.9531,2,-1,97.936,0.0
1885,97.9527,2,1,97.958,1.0
1886,97.9543,4,1,97.961,0.0
1887,97.9536,3,-1,97.959,1.0
1888,97.9536,4,-1,97.965,1.0
1889,97.9529,4,1,97.953,1.0
1890,97.9512,2,-1,97.936,1.0
1891,97.9525,3,-1,97.963,1.0
1892,97.9493,1,1,97.94,1.0
1893,97.9503,4,-1,97.951,1.0
1894,97.95,4,-1,97.958,1.0
1895,97.9536,2,-1,97.937,0.0
1896,97.9525,1,-1,97.94,0.0
1897,97.9533,3,1,97.945,1.0
1898,97.9559,2,1,97.963,0.0
1899,97.9554,4,1,97.97,1.0
1900,97.9552,4,1,97.944,1.0
1901,97.9544,2,1,97.958,1.0
1902,97.9552,3,-1,97.97,1.0
1903,97.953,4,-1,97.942,0.0
1904,97.9466,2,1,97.932,1.0
1905,97.9466,1,-1,97.943,0.0
1906,97.9461,2,1,97.939,1.0
1907,97.9443,1,1,97.939,1.0
1908,97.9449,2,1,97.932,1.0
1909,97.9412,4,1,97.953,0.0
1910,97.94,1,1,97.949,0.0
1911,97.9382,2,-1,97.936,1.0
1912,97.9379,1,-1,97.95,1.0
1913,97.9343,3,-1,97.947,1.0
1914,97.9377,2,1,97.935,1.0
1915,97.9371,1,1,97.951,0.0
1916,97.935,2,-1,97.925,0.0
1917,97.934,4,-1,97.922,0.0
1918,97.9359,1,-1,97.952,1.0
1919,97.9399,3,1,97.929,1.0
1920,97.9442,2,1,97.95,0.0
1921,97.9454,4,-1,97.939,1.0
1922,97.945,3,1,97.949,0.0
1923,97.9504,2,1,97.957,0.0
1924,97.9511,1,1,97.962,0.0
1925,97.9536,4,-1,97.95,0.0
1926,97.9586,4,-1,97.955,0.0
1927,97.9554,3,-1,97.954,0.0
1928,97.9574,2,-1,97.964,1.0
1929,97.9579,3,-1,97.956,0.0
1930,97.9602,3,1,97.947,1.0
1931,97.9568,1,1,97.973,0.0
1932,97.9542,1,-1,97.944,0.0
1933,97.9557,1,1,97.962,0.0
1934,97.9507,1,-1,97.965,1.0
1935,97.9516,2,-1,97.95,1.0
1936,97.9539,2,-1,97.946,0.0
1937,97.9543,2,-1,97.939,0.0
1938,97.9536,2,1,97.966,1.0
1939,97.9516,2,-1,97.943,1.0
1940,97.955,1,-1,97.967,1.0
1941,97.9574,4,-1,97.951,0.0
1942,97.9573,4,-1,97.946,0.0
1943,97.9586,4,-1,97.958,1.0
1944,97.9574,3,-1,97.939,0.0
1945,97.9589,4,-1,97.956,0.0
1946,97.9619,1,-1,97.961,1.0
1947,97.9638,4,1,97.969,0.0
1948,97.9627,4,-1,97.969,1.0
1949,97.9622,2,1,97.96,0.0
1950,97.9637,2,1,97.977,0.0
1951,97.9647,4,-1,97.962,1.0
1952,97.9656,1,-1,97.949,0.0
1953,97.9669,3,-1,97.951,0.0
1954,97.9716,1,-1,97.962,0.0
1955,97.9692,4,1,97.98,0.0
1956,97.9684,2,1,97.966,1.0
1957,97.9688,2,1,97.955,1.0
1958,97.9683,2,1,97.981,0.0
1959,97.9673,3,-1,97.95,0.0
1960,97.9685,2,1,97.959,1.0
1961,97.969,3,1,97.978,0.0
1962,97.9693,4,1,97.981,0.0
1963,97.9696,4,-1,97.963,0.0
1964,97.9692,1,1,97.953,1.0
1965,97.9722,1,1,97.956,1.0
1966,97.9749,3,-1,97.973,1.0
1967,97.9713,4,-1,97.956,0.0
1968,97.9724,2,1,97.979,0.0
1969,97.9738,1,1,97.964,1.0
1970,97.9748,4,1,97.978,0.0
1971,97.971,1,-1,97.981,1.0
1972,97.9753,2,1,97.987,0.0
1973,97.9787,3,1,97.99,0.0
1974,97.9817,4,1,97.993,0.0
1975,97.9795,1,-1,97.981,1.0
1976,97.9806,3,1,97.998,0.0
1977,97.9816,2,-1,97.98,0.0
1978,97.9793,3,-1,97.992,1.0
1979,97.9809,1,1,97.985,0.0
1980,97.9781,2,1,97.969,1.0
1981,97.9744,1,1,97.987,0.0
1982,97.9749,3,1,97.961,1.0
1983,97.9765,4,1,97.961,1.0
1984,97.9795,4,1,97.972,1.0
1985,97.9815,3,1,97.967,1.0
1986,97.9838,1,1,97.974,1.0
1987,97.9839,4,-1,97.999,1.0
1988,97.9833,2,-1,97.986,1.0
1989,97.9862,2,1,97.998,0.0
1990,97.9924,4,1,98.0,0.0
1991,97.9909,4,1,98.007,0.0
1992,97.991,1,1,98.009,0.0
1993,97.9901,2,-1,97.977,0.0
1994,97.9919,4,1,97.996,0.0
1995,97.9966,1,-1,97.999,1.0
1996,97.9958,3,-1,97.988,0.0
1997,98.0002,4,1,97.984,1.0
1998,98.0028,2,-1,97.985,0.0
1999,97.9997,1,1,97.991,1.0
2000,98.0025,3,1,98.001,
2001,98.0003,2,-1,98.015,
2002,98.002,4,-1,97.984,
2003,97.9991,4,1,97.988,
2004,98.0003,2,-1,98.008,
2005,97.9993,2,1,98.003,
2006,97.9996,1,1,97.995,
2007,98.0039,3,1,98.017,
2008,98.0002,4,-1,97.987,
2009,98.0002,1,-1,97.997,
2010,97.9989,1,-1,97.991,
2011,97.9996,2,-1,97.986,
2012,98.0,4,1,97.985,
2013,98.0015,4,-1,98.015,
2014,98.0041,1,-1,97.997,
2015,98.0046,4,-1,97.996,
2016,98.0044,4,1,98.004,
2017,98.0051,4,-1,97.995,
2018,97.9996,2,-1,98.011,
2019,98.0024,3,1,97.989,
2020,98.0015,2,-1,98.005,
2021,97.9992,2,1,97.982,
2022,97.9999,3,1,98.012,
2023,98.0008,1,1,98.001,
2024,97.9977,1,1,97.992,
2025,97.9994,2,-1,98.006,
2026,98.0004,2,-1,97.984,
2027,98.0009,2,-1,97.991,
2028,98.0017,2,-1,97.992,
2029,98.0048,2,-1,98.01,
2030,98.0079,1,1,98.021,
2031,98.0068,2,-1,97.997,
2032,98.0065,3,-1,97.998,
2033,98.003,1,-1,98.013,
2034,98.0022,2,-1,97.997,
2035,98.0017,3,1,98.018,
2036,97.9992,2,-1,98.014,
2037,97.9981,2,-1,97.997,
2038,97.9992,4,1,98.012,
2039,97.9955,4,-1,97.984,
2040,97.9979,4,-1,97.985,
2041,97.9944,3,1,98.01,
2042,97.9937,4,1,97.985,
2043,97.9927,3,1,97.988,
2044,97.9959,3,1,98.01,
2045,98.0002,1,-1,97.985,
2046,98.0032,2,1,97.989,
2047,98.0009,3,-1,98.01,
2048,98.0033,2,-1,98.0,
2049,98.0038,3,-1,97.997,
2050,98.005,4,1,98.007,
2051,98.0054,3,1,97.998,
2052,98.0017,3,1,97.994,
2053,97.9971,3,1,97.984,
2054,97.9962,3,1,98.005,
2055,97.9979,2,1,97.992,
2056,97.999,3,-1,97.997,
2057,98.0016,3,-1,97.988,
2058,97.9984,3,1,98.007,
2059,97.9973,4,1,98.014,
2060,97.9982,1,-1,97.992,
2061,97.9968,3,1,97.997,
2062,97.9983,1,-1,97.993,
2063,98.0019,4,1,97.985,
2064,98.0005,4,1,98.0,
2065,98.0,3,1,98.0,
2066,97.9978,4,-1,98.009,
2067,97.998,3,-1,98.005,
2068,97.9985,4,1,97.985,
2069,97.9989,4,-1,98.004,
2070,97.9993,2,1,97.998,
2071,97.9986,3,1,98.002,
2072,97.9974,2,-1,97.993,
2073,97.9965,4,-1,98.007,
2074,97.9969,3,-1,98.009,
2075,97.9985,4,1,98.01,
2076,97.9975,2,1,97.982,
2077,97.9977,1,1,97.986,
2078,97.9975,1,1,98.006,
2079,97.9971,2,1,97.993,
2080,97.9985,4,-1,98.001,
2081,97.9956,2,-1,97.987,
2082,97.9927,1,1,98.009,
2083,97.9932,2,1,97.992,
2084,97.9935,1,1,97.992,
2085,97.9931,3,-1,97.996,
2086,97.9925,4,-1,98.008,
2087,97.9906,3,1,97.991,
2088,97.9891,2,1,97.976,
2089,97.9894,4,-1,97.987,
2090,97.9915,1,-1,97.999,
2091,97.991,4,1,97.99,
2092,97.9899,1,-1,97.998,
2093,97.9906,1,1,97.995,
2094,97.9904,3,1,97.993,
2095,97.9916,4,1,98.005,
2096,97.9927,2,1,97.986,
2097,97.9908,1,-1,97.982,
2098,97.9878,1,1,98.002,
2099,97.9884,2,1,97.976,
2100,97.9868,1,1,97.988,
2101,97.9844,3,1,97.97,
2102,97.9821,3,-1,97.966,
2103,97.9857,1,1,97.988,
2104,97.9877,4,-1,97.996,
2105,97.9895,1,-1,97.998,
2106,97.9878,3,1,97.994,
2107,97.9896,4,-1,97.985,
2108,97.9882,2,-1,98.001,
2109,97.9898,1,-1,97.996,
2110,97.9885,4,-1,97.998,
2111,97.9886,4,-1,97.995,
2112,97.9869,4,-1,97.99,
2113,97.9875,2,-1,97.991,
2114,97.9899,3,-1,98.005,
2115,97.9886,2,1,97.987,
2116,97.9883,2,1,97.988,
2117,97.9881,1,-1,97.997,
2118,97.9914,2,-1,97.993,
2119,97.992,4,-1,97.993,
2120,97.9929,2,1,97.996,
2121,97.9933,2,1,97.994,
2122,97.9914,3,1,97.993,
2123,97.9972,2,-1,97.979,
2124,98.0003,2,1,97.994,
2125,97.9996,4,1,97.992,
2126,98.001,2,1,98.011,
2127,98.0014,4,1,98.007,
2128,97.9982,1,1,97.996,
2129,98.001,1,-1,98.004,
2130,98.0021,1,-1,98.006,
2131,98.0027,2,-1,98.018,
2132,98.0001,4,-1,98.001,
2133,97.9987,2,1,97.983,
2134,97.9965,1,1,97.994,
2135,97.9915,1,-1,98.0,
2136,97.9887,3,1,97.992,
2137,97.9839,2,-1,97.971,
2138,97.9875,1,-1,98.0,
2139,97.9845,2,1,97.976,
2140,97.9832,2,1,97.974,
2141,97.9857,4,-1,97.975,
2142,97.9849,4,-1,97.988,
2143,97.983,4,-1,97.975,
2144,97.9809,1,1,97.978,
2145,97.9821,3,1,97.967,
2146,97.9807,1,-1,97.971,
2147,97.9766,2,1,97.985,
2148,97.9739,1,1,97.982,
2149,97.9721,2,1,97.961,
2150,97.9754,3,-1,97.968,
2151,97.9794,3,-1,97.976,
2152,97.9776,3,1,97.992,
2153,97.9758,3,-1,97.98,
2154,97.9744,4,1,97.991,
2155,97.9738,1,-1,97.989,
2156,97.9749,2,1,97.982,
2157,97.9731,3,1,97.958,
2158,97.9732,2,-1,97.957,
2159,97.9716,4,-1,97.977,
2160,97.9705,4,-1,97.971,
2161,97.9727,4,-1,97.954,
2162,97.9736,2,-1,97.975,
2163,97.9767,3,-1,97.971,
2164,97.9755,4,1,97.97,
2165,97.9748,3,1,97.99,
2166,97.9742,3,-1,97.962,
2167,97.9779,4,-1,97.964,
2168,97.9765,3,1,97.961,
2169,97.9764,1,-1,97.967,
2170,97.9773,1,1,97.962,
2171,97.9786,2,-1,97.966,
2172,97.9752,2,-1,97.967,
2173,97.9768,3,-1,97.988,
2174,97.979,3,-1,97.964,
2175,97.9806,3,-1,97.989,
2176,97.9781,4,-1,97.993,
2177,97.9798,4,1,97.993,
2178,97.9818,4,-1,97.972,
2179,97.9835,3,1,97.994,
2180,97.9867,2,-1,97.996,
2181,97.9851,3,1,97.972,
2182,97.9841,3,1,97.973,
2183,97.9902,3,-1,97.983,
2184,97.988,3,1,97.994,
2185,97.9894,2,-1,97.973,
2186,97.9886,2,-1,97.98,
2187,97.9875,4,-1,97.989,
2188,97.9901,3,-1,97.972,
2189,97.9928,4,1,97.999,
2190,97.9924,4,1,97.982,
2191,97.9965,3,1,97.992,
2192,97.9992,1,-1,98.009,
2193,97.9962,4,-1,98.001,
2194,97.997,2,-1,97.996,
2195,97.9943,1,-1,97.995,
2196,97.9977,2,1,98.014,
2197,97.9999,3,1,98.009,
2198,98.0019,2,-1,98.007,
2199,98.0041,2,1,98.015,
